2026-07-27 18:41:16,200 [Worker-6: Loading available Gradle versions] INFO  o.e.b.c.i.u.g.PublishedGradleVersions - Gradle version information cache is up-to-date. Trying to read.
2026-07-27 18:43:06,514 [Worker-2: Importing Maven projects] INFO  o.e.m.c.i.p.ProjectConfigurationManager - Imported and configured 1 project(s) in 0 sec
2026-07-27 18:43:11,774 [Worker-10: reload maven project] ERROR o.e.m.c.i.p.r.ProjectRegistryManager - Failed to read Maven project: Some problems were encountered while processing the POMs:
[FATAL] Non-resolvable parent POM for com.edu,seiryo:jxc-admin:0.0.1-SNAPSHOT: Failure to transfer org.springframework.boot:spring-boot-starter-parent:pom:2.3.0.RELEASE from https://repo.maven.apache.org/maven2 was cached in the local repository, resolution will not be reattempted until the update interval of central has elapsed or updates are forced. Original error: Could not transfer artifact org.springframework.boot:spring-boot-starter-parent:pom:2.3.0.RELEASE from/to central (https://repo.maven.apache.org/maven2): sun.security.validator.ValidatorException: PKIX path building failed: sun.security.provider.certpath.SunCertPathBuilderException: unable to find valid certification path to requested target and 'parent.relativePath' points at no local POM @ line 10, column 13

org.apache.maven.project.ProjectBuildingException: Some problems were encountered while processing the POMs:
[FATAL] Non-resolvable parent POM for com.edu,seiryo:jxc-admin:0.0.1-SNAPSHOT: Failure to transfer org.springframework.boot:spring-boot-starter-parent:pom:2.3.0.RELEASE from https://repo.maven.apache.org/maven2 was cached in the local repository, resolution will not be reattempted until the update interval of central has elapsed or updates are forced. Original error: Could not transfer artifact org.springframework.boot:spring-boot-starter-parent:pom:2.3.0.RELEASE from/to central (https://repo.maven.apache.org/maven2): sun.security.validator.ValidatorException: PKIX path building failed: sun.security.provider.certpath.SunCertPathBuilderException: unable to find valid certification path to requested target and 'parent.relativePath' points at no local POM @ line 10, column 13

	at org.eclipse.m2e.core.internal.embedder.MavenImpl.readMavenProjects(MavenImpl.java:676) ~[org.eclipse.m2e.core_1.13.0.20190716-1624.jar:na]
	at org.eclipse.m2e.core.internal.project.registry.ProjectRegistryManager.lambda$12(ProjectRegistryManager.java:871) ~[org.eclipse.m2e.core_1.13.0.20190716-1624.jar:na]
	at org.eclipse.m2e.core.internal.embedder.MavenExecutionContext.executeBare(MavenExecutionContext.java:177) ~[org.eclipse.m2e.core_1.13.0.20190716-1624.jar:na]
	at org.eclipse.m2e.core.internal.embedder.MavenExecutionContext.execute(MavenExecutionContext.java:151) ~[org.eclipse.m2e.core_1.13.0.20190716-1624.jar:na]
	at org.eclipse.m2e.core.internal.embedder.MavenExecutionContext.execute(MavenExecutionContext.java:99) ~[org.eclipse.m2e.core_1.13.0.20190716-1624.jar:na]
	at org.eclipse.m2e.core.internal.project.registry.ProjectRegistryManager.execute(ProjectRegistryManager.java:1026) ~[org.eclipse.m2e.core_1.13.0.20190716-1624.jar:na]
	at org.eclipse.m2e.core.internal.project.registry.ProjectRegistryManager.readProjectsWithDependencies(ProjectRegistryManager.java:867) ~[org.eclipse.m2e.core_1.13.0.20190716-1624.jar:na]
	at org.eclipse.m2e.core.internal.project.registry.ProjectRegistryManager.create(ProjectRegistryManager.java:207) ~[org.eclipse.m2e.core_1.13.0.20190716-1624.jar:na]
	at org.eclipse.m2e.core.internal.project.registry.MavenProjectManager.create(MavenProjectManager.java:80) [org.eclipse.m2e.core_1.13.0.20190716-1624.jar:na]
	at org.eclipse.m2e.core.ui.internal.actions.SelectionUtil.getMavenProject(SelectionUtil.java:259) [org.eclipse.m2e.core.ui_1.13.0.20190716-1624.jar:na]
	at org.eclipse.m2e.editor.pom.MavenPomEditor.readMavenProject(MavenPomEditor.java:740) [org.eclipse.m2e.editor_1.13.0.20190716-1624.jar:na]
	at org.eclipse.m2e.editor.pom.MavenPomEditor$5.run(MavenPomEditor.java:1074) [org.eclipse.m2e.editor_1.13.0.20190716-1624.jar:na]
	at org.eclipse.core.internal.jobs.Worker.run(Worker.java:63) [org.eclipse.core.jobs_3.10.400.v20190506-1457.jar:na]
2026-07-27 18:43:47,268 [Worker-10: Updating Maven Project] INFO  o.e.m.c.i.p.ProjectConfigurationManager - Update started
2026-07-27 18:43:52,553 [Worker-10: Updating Maven Project] INFO  o.e.m.c.i.e.AbstractTransferListenerAdapter - Downloaded https://repo.maven.apache.org/maven2/org/springframework/boot/spring-boot-starter-parent/2.3.0.RELEASE/spring-boot-starter-parent-2.3.0.RELEASE.pom
2026-07-27 18:43:52,558 [Worker-10: Updating Maven Project] INFO  o.e.m.c.i.p.ProjectConfigurationManager - Update completed: 5 sec
2026-07-27 18:44:19,562 [Worker-5: reload maven project] ERROR o.e.m.c.i.p.r.ProjectRegistryManager - Failed to read Maven project: Some problems were encountered while processing the POMs:
[FATAL] Non-resolvable parent POM for com.edu,seiryo:jxc-admin:0.0.1-SNAPSHOT: Failure to transfer org.springframework.boot:spring-boot-starter-parent:pom:2.3.0.RELEASE from https://repo.maven.apache.org/maven2 was cached in the local repository, resolution will not be reattempted until the update interval of central has elapsed or updates are forced. Original error: Could not transfer artifact org.springframework.boot:spring-boot-starter-parent:pom:2.3.0.RELEASE from/to central (https://repo.maven.apache.org/maven2): sun.security.validator.ValidatorException: PKIX path building failed: sun.security.provider.certpath.SunCertPathBuilderException: unable to find valid certification path to requested target and 'parent.relativePath' points at no local POM @ line 10, column 13

org.apache.maven.project.ProjectBuildingException: Some problems were encountered while processing the POMs:
[FATAL] Non-resolvable parent POM for com.edu,seiryo:jxc-admin:0.0.1-SNAPSHOT: Failure to transfer org.springframework.boot:spring-boot-starter-parent:pom:2.3.0.RELEASE from https://repo.maven.apache.org/maven2 was cached in the local repository, resolution will not be reattempted until the update interval of central has elapsed or updates are forced. Original error: Could not transfer artifact org.springframework.boot:spring-boot-starter-parent:pom:2.3.0.RELEASE from/to central (https://repo.maven.apache.org/maven2): sun.security.validator.ValidatorException: PKIX path building failed: sun.security.provider.certpath.SunCertPathBuilderException: unable to find valid certification path to requested target and 'parent.relativePath' points at no local POM @ line 10, column 13

	at org.eclipse.m2e.core.internal.embedder.MavenImpl.readMavenProjects(MavenImpl.java:676) ~[org.eclipse.m2e.core_1.13.0.20190716-1624.jar:na]
	at org.eclipse.m2e.core.internal.project.registry.ProjectRegistryManager.lambda$12(ProjectRegistryManager.java:871) ~[org.eclipse.m2e.core_1.13.0.20190716-1624.jar:na]
	at org.eclipse.m2e.core.internal.embedder.MavenExecutionContext.executeBare(MavenExecutionContext.java:177) ~[org.eclipse.m2e.core_1.13.0.20190716-1624.jar:na]
	at org.eclipse.m2e.core.internal.embedder.MavenExecutionContext.execute(MavenExecutionContext.java:151) ~[org.eclipse.m2e.core_1.13.0.20190716-1624.jar:na]
	at org.eclipse.m2e.core.internal.embedder.MavenExecutionContext.execute(MavenExecutionContext.java:99) ~[org.eclipse.m2e.core_1.13.0.20190716-1624.jar:na]
	at org.eclipse.m2e.core.internal.project.registry.ProjectRegistryManager.execute(ProjectRegistryManager.java:1026) ~[org.eclipse.m2e.core_1.13.0.20190716-1624.jar:na]
	at org.eclipse.m2e.core.internal.project.registry.ProjectRegistryManager.readProjectsWithDependencies(ProjectRegistryManager.java:867) ~[org.eclipse.m2e.core_1.13.0.20190716-1624.jar:na]
	at org.eclipse.m2e.core.internal.project.registry.ProjectRegistryManager.create(ProjectRegistryManager.java:207) ~[org.eclipse.m2e.core_1.13.0.20190716-1624.jar:na]
	at org.eclipse.m2e.core.internal.project.registry.MavenProjectManager.create(MavenProjectManager.java:80) [org.eclipse.m2e.core_1.13.0.20190716-1624.jar:na]
	at org.eclipse.m2e.core.ui.internal.actions.SelectionUtil.getMavenProject(SelectionUtil.java:259) [org.eclipse.m2e.core.ui_1.13.0.20190716-1624.jar:na]
	at org.eclipse.m2e.editor.pom.MavenPomEditor.readMavenProject(MavenPomEditor.java:740) [org.eclipse.m2e.editor_1.13.0.20190716-1624.jar:na]
	at org.eclipse.m2e.editor.pom.MavenPomEditor$5.run(MavenPomEditor.java:1074) [org.eclipse.m2e.editor_1.13.0.20190716-1624.jar:na]
	at org.eclipse.core.internal.jobs.Worker.run(Worker.java:63) [org.eclipse.core.jobs_3.10.400.v20190506-1457.jar:na]
2026-07-27 18:48:27,331 [Worker-12: Updating Maven settings] ERROR o.e.m.c.internal.embedder.MavenImpl - Could not read settings.xml, assuming default values
org.apache.maven.settings.building.SettingsBuildingException: 1 problem was encountered while building the effective settings
[FATAL] Non-readable settings C:\Users\35230\.m2\settings.xml: input contained no data @ C:\Users\35230\.m2\settings.xml

	at org.apache.maven.settings.building.DefaultSettingsBuilder.build(DefaultSettingsBuilder.java:119) ~[maven-settings-builder-3.6.1.jar:3.6.1]
	at org.eclipse.m2e.core.internal.embedder.MavenImpl.getSettings(MavenImpl.java:466) [org.eclipse.m2e.core_1.13.0.20190716-1624.jar:na]
	at org.eclipse.m2e.core.internal.embedder.MavenImpl.getSettings(MavenImpl.java:435) [org.eclipse.m2e.core_1.13.0.20190716-1624.jar:na]
	at org.eclipse.m2e.core.internal.embedder.MavenImpl.getLocalRepositoryPath(MavenImpl.java:267) [org.eclipse.m2e.core_1.13.0.20190716-1624.jar:na]
	at org.eclipse.m2e.core.internal.embedder.MavenImpl.getLocalRepository(MavenImpl.java:423) [org.eclipse.m2e.core_1.13.0.20190716-1624.jar:na]
	at org.eclipse.m2e.core.ui.internal.preferences.MavenSettingsPreferencePage$1.run(MavenSettingsPreferencePage.java:147) [org.eclipse.m2e.core.ui_1.13.0.20190716-1624.jar:na]
	at org.eclipse.core.internal.jobs.Worker.run(Worker.java:63) [org.eclipse.core.jobs_3.10.400.v20190506-1457.jar:na]
2026-07-27 18:48:27,334 [Worker-12: Updating Maven settings] ERROR o.e.m.c.internal.embedder.MavenImpl - Could not read settings.xml, assuming default values
org.apache.maven.settings.building.SettingsBuildingException: 1 problem was encountered while building the effective settings
[FATAL] Non-readable settings C:\Users\35230\.m2\settings.xml: input contained no data @ C:\Users\35230\.m2\settings.xml

	at org.apache.maven.settings.building.DefaultSettingsBuilder.build(DefaultSettingsBuilder.java:119) ~[maven-settings-builder-3.6.1.jar:3.6.1]
	at org.eclipse.m2e.core.internal.embedder.MavenImpl.getSettings(MavenImpl.java:466) [org.eclipse.m2e.core_1.13.0.20190716-1624.jar:na]
	at org.eclipse.m2e.core.internal.embedder.MavenImpl.reloadSettings(MavenImpl.java:531) [org.eclipse.m2e.core_1.13.0.20190716-1624.jar:na]
	at org.eclipse.m2e.core.internal.embedder.MavenImpl.mavenConfigurationChange(MavenImpl.java:553) [org.eclipse.m2e.core_1.13.0.20190716-1624.jar:na]
	at org.eclipse.m2e.core.internal.preferences.MavenConfigurationImpl.preferenceChange(MavenConfigurationImpl.java:188) [org.eclipse.m2e.core_1.13.0.20190716-1624.jar:na]
	at org.eclipse.core.internal.preferences.EclipsePreferences$2.run(EclipsePreferences.java:848) [org.eclipse.equinox.preferences_3.7.400.v20190516-1504.jar:na]
	at org.eclipse.core.runtime.SafeRunner.run(SafeRunner.java:45) [org.eclipse.equinox.common_3.10.400.v20190516-1504.jar:na]
	at org.eclipse.core.internal.preferences.EclipsePreferences.firePreferenceEvent(EclipsePreferences.java:851) [org.eclipse.equinox.preferences_3.7.400.v20190516-1504.jar:na]
	at org.eclipse.core.internal.preferences.EclipsePreferences.put(EclipsePreferences.java:863) [org.eclipse.equinox.preferences_3.7.400.v20190516-1504.jar:na]
	at org.eclipse.m2e.core.internal.preferences.MavenConfigurationImpl.setUserSettingsFile(MavenConfigurationImpl.java:137) [org.eclipse.m2e.core_1.13.0.20190716-1624.jar:na]
	at org.eclipse.m2e.core.ui.internal.preferences.MavenSettingsPreferencePage$1.run(MavenSettingsPreferencePage.java:151) [org.eclipse.m2e.core.ui_1.13.0.20190716-1624.jar:na]
	at org.eclipse.core.internal.jobs.Worker.run(Worker.java:63) [org.eclipse.core.jobs_3.10.400.v20190506-1457.jar:na]
2026-07-27 18:59:06,900 [Worker-7: Updating Maven Project] INFO  o.e.m.c.i.p.ProjectConfigurationManager - Update started
2026-07-27 18:59:07,609 [Worker-7: Updating Maven Project] INFO  o.e.m.c.i.e.AbstractTransferListenerAdapter - Downloading https://maven.aliyun.com/repository/public/org/springframework/boot/spring-boot-starter-parent/2.3.0.RELEASE/spring-boot-starter-parent-2.3.0.RELEASE.pom
2026-07-27 18:59:07,993 [Worker-7: Updating Maven Project] INFO  o.e.m.c.i.e.AbstractTransferListenerAdapter - Downloaded https://maven.aliyun.com/repository/public/org/springframework/boot/spring-boot-starter-parent/2.3.0.RELEASE/spring-boot-starter-parent-2.3.0.RELEASE.pom
2026-07-27 18:59:08,086 [Worker-7: Updating Maven Project] INFO  o.e.m.c.i.e.AbstractTransferListenerAdapter - Downloading https://maven.aliyun.com/repository/public/org/springframework/boot/spring-boot-dependencies/2.3.0.RELEASE/spring-boot-dependencies-2.3.0.RELEASE.pom
2026-07-27 18:59:08,142 [Worker-7: Updating Maven Project] INFO  o.e.m.c.i.e.AbstractTransferListenerAdapter - Downloaded https://maven.aliyun.com/repository/public/org/springframework/boot/spring-boot-dependencies/2.3.0.RELEASE/spring-boot-dependencies-2.3.0.RELEASE.pom
2026-07-27 18:59:08,279 [Worker-7: Updating Maven Project] INFO  o.e.m.c.i.e.AbstractTransferListenerAdapter - Downloading https://maven.aliyun.com/repository/public/com/datastax/oss/java-driver-bom/4.6.1/java-driver-bom-4.6.1.pom
2026-07-27 18:59:08,296 [Worker-7: Updating Maven Project] INFO  o.e.m.c.i.e.AbstractTransferListenerAdapter - Downloaded https://maven.aliyun.com/repository/public/com/datastax/oss/java-driver-bom/4.6.1/java-driver-bom-4.6.1.pom
2026-07-27 18:59:08,340 [Worker-7: Updating Maven Project] INFO  o.e.m.c.i.e.AbstractTransferListenerAdapter - Downloading https://maven.aliyun.com/repository/public/io/dropwizard/metrics/metrics-bom/4.1.7/metrics-bom-4.1.7.pom
2026-07-27 18:59:08,370 [Worker-7: Updating Maven Project] INFO  o.e.m.c.i.e.AbstractTransferListenerAdapter - Downloaded https://maven.aliyun.com/repository/public/io/dropwizard/metrics/metrics-bom/4.1.7/metrics-bom-4.1.7.pom
2026-07-27 18:59:08,409 [Worker-7: Updating Maven Project] INFO  o.e.m.c.i.e.AbstractTransferListenerAdapter - Downloading https://maven.aliyun.com/repository/public/io/dropwizard/metrics/metrics-parent/4.1.7/metrics-parent-4.1.7.pom
2026-07-27 18:59:08,448 [Worker-7: Updating Maven Project] INFO  o.e.m.c.i.e.AbstractTransferListenerAdapter - Downloaded https://maven.aliyun.com/repository/public/io/dropwizard/metrics/metrics-parent/4.1.7/metrics-parent-4.1.7.pom
2026-07-27 18:59:08,477 [Worker-7: Updating Maven Project] INFO  o.e.m.c.i.e.AbstractTransferListenerAdapter - Downloading https://maven.aliyun.com/repository/public/com/fasterxml/jackson/jackson-bom/2.11.0/jackson-bom-2.11.0.pom
2026-07-27 18:59:08,800 [Worker-7: Updating Maven Project] INFO  o.e.m.c.i.e.AbstractTransferListenerAdapter - Downloaded https://maven.aliyun.com/repository/public/com/fasterxml/jackson/jackson-bom/2.11.0/jackson-bom-2.11.0.pom
2026-07-27 18:59:08,825 [Worker-7: Updating Maven Project] INFO  o.e.m.c.i.e.AbstractTransferListenerAdapter - Downloading https://maven.aliyun.com/repository/public/com/fasterxml/jackson/jackson-parent/2.11/jackson-parent-2.11.pom
2026-07-27 18:59:08,848 [Worker-7: Updating Maven Project] INFO  o.e.m.c.i.e.AbstractTransferListenerAdapter - Downloaded https://maven.aliyun.com/repository/public/com/fasterxml/jackson/jackson-parent/2.11/jackson-parent-2.11.pom
2026-07-27 18:59:08,925 [Worker-7: Updating Maven Project] INFO  o.e.m.c.i.e.AbstractTransferListenerAdapter - Downloading https://maven.aliyun.com/repository/public/com/fasterxml/oss-parent/38/oss-parent-38.pom
2026-07-27 18:59:08,959 [Worker-7: Updating Maven Project] INFO  o.e.m.c.i.e.AbstractTransferListenerAdapter - Downloaded https://maven.aliyun.com/repository/public/com/fasterxml/oss-parent/38/oss-parent-38.pom
2026-07-27 18:59:08,993 [Worker-7: Updating Maven Project] INFO  o.e.m.c.i.e.AbstractTransferListenerAdapter - Downloading https://maven.aliyun.com/repository/public/org/glassfish/jersey/jersey-bom/2.30.1/jersey-bom-2.30.1.pom
2026-07-27 18:59:09,030 [Worker-7: Updating Maven Project] INFO  o.e.m.c.i.e.AbstractTransferListenerAdapter - Downloaded https://maven.aliyun.com/repository/public/org/glassfish/jersey/jersey-bom/2.30.1/jersey-bom-2.30.1.pom
2026-07-27 18:59:09,054 [Worker-7: Updating Maven Project] INFO  o.e.m.c.i.e.AbstractTransferListenerAdapter - Downloading https://maven.aliyun.com/repository/public/org/eclipse/ee4j/project/1.0.5/project-1.0.5.pom
2026-07-27 18:59:09,086 [Worker-7: Updating Maven Project] INFO  o.e.m.c.i.e.AbstractTransferListenerAdapter - Downloaded https://maven.aliyun.com/repository/public/org/eclipse/ee4j/project/1.0.5/project-1.0.5.pom
2026-07-27 18:59:09,123 [Worker-7: Updating Maven Project] INFO  o.e.m.c.i.e.AbstractTransferListenerAdapter - Downloading https://maven.aliyun.com/repository/public/org/eclipse/jetty/jetty-bom/9.4.28.v20200408/jetty-bom-9.4.28.v20200408.pom
2026-07-27 18:59:09,163 [Worker-7: Updating Maven Project] INFO  o.e.m.c.i.e.AbstractTransferListenerAdapter - Downloaded https://maven.aliyun.com/repository/public/org/eclipse/jetty/jetty-bom/9.4.28.v20200408/jetty-bom-9.4.28.v20200408.pom
2026-07-27 18:59:09,187 [Worker-7: Updating Maven Project] INFO  o.e.m.c.i.e.AbstractTransferListenerAdapter - Downloading https://maven.aliyun.com/repository/public/org/junit/junit-bom/5.6.2/junit-bom-5.6.2.pom
2026-07-27 18:59:09,222 [Worker-7: Updating Maven Project] INFO  o.e.m.c.i.e.AbstractTransferListenerAdapter - Downloaded https://maven.aliyun.com/repository/public/org/junit/junit-bom/5.6.2/junit-bom-5.6.2.pom
2026-07-27 18:59:09,253 [Worker-7: Updating Maven Project] INFO  o.e.m.c.i.e.AbstractTransferListenerAdapter - Downloading https://maven.aliyun.com/repository/public/org/jetbrains/kotlin/kotlin-bom/1.3.72/kotlin-bom-1.3.72.pom
2026-07-27 18:59:09,305 [Worker-7: Updating Maven Project] INFO  o.e.m.c.i.e.AbstractTransferListenerAdapter - Downloaded https://maven.aliyun.com/repository/public/org/jetbrains/kotlin/kotlin-bom/1.3.72/kotlin-bom-1.3.72.pom
2026-07-27 18:59:09,342 [Worker-7: Updating Maven Project] INFO  o.e.m.c.i.e.AbstractTransferListenerAdapter - Downloading https://maven.aliyun.com/repository/public/org/jetbrains/kotlinx/kotlinx-coroutines-bom/1.3.6/kotlinx-coroutines-bom-1.3.6.pom
2026-07-27 18:59:09,398 [Worker-7: Updating Maven Project] INFO  o.e.m.c.i.e.AbstractTransferListenerAdapter - Downloaded https://maven.aliyun.com/repository/public/org/jetbrains/kotlinx/kotlinx-coroutines-bom/1.3.6/kotlinx-coroutines-bom-1.3.6.pom
2026-07-27 18:59:09,446 [Worker-7: Updating Maven Project] INFO  o.e.m.c.i.e.AbstractTransferListenerAdapter - Downloading https://maven.aliyun.com/repository/public/org/apache/logging/log4j/log4j-bom/2.13.2/log4j-bom-2.13.2.pom
2026-07-27 18:59:09,490 [Worker-7: Updating Maven Project] INFO  o.e.m.c.i.e.AbstractTransferListenerAdapter - Downloaded https://maven.aliyun.com/repository/public/org/apache/logging/log4j/log4j-bom/2.13.2/log4j-bom-2.13.2.pom
2026-07-27 18:59:09,513 [Worker-7: Updating Maven Project] INFO  o.e.m.c.i.e.AbstractTransferListenerAdapter - Downloading https://maven.aliyun.com/repository/public/org/apache/logging/logging-parent/1/logging-parent-1.pom
2026-07-27 18:59:09,547 [Worker-7: Updating Maven Project] INFO  o.e.m.c.i.e.AbstractTransferListenerAdapter - Downloaded https://maven.aliyun.com/repository/public/org/apache/logging/logging-parent/1/logging-parent-1.pom
2026-07-27 18:59:09,578 [Worker-7: Updating Maven Project] INFO  o.e.m.c.i.e.AbstractTransferListenerAdapter - Downloading https://maven.aliyun.com/repository/public/org/apache/apache/18/apache-18.pom
2026-07-27 18:59:09,594 [Worker-7: Updating Maven Project] INFO  o.e.m.c.i.e.AbstractTransferListenerAdapter - Downloaded https://maven.aliyun.com/repository/public/org/apache/apache/18/apache-18.pom
2026-07-27 18:59:09,646 [Worker-7: Updating Maven Project] INFO  o.e.m.c.i.e.AbstractTransferListenerAdapter - Downloading https://maven.aliyun.com/repository/public/io/micrometer/micrometer-bom/1.5.1/micrometer-bom-1.5.1.pom
2026-07-27 18:59:09,960 [Worker-7: Updating Maven Project] INFO  o.e.m.c.i.e.AbstractTransferListenerAdapter - Downloaded https://maven.aliyun.com/repository/public/io/micrometer/micrometer-bom/1.5.1/micrometer-bom-1.5.1.pom
2026-07-27 18:59:10,013 [Worker-7: Updating Maven Project] INFO  o.e.m.c.i.e.AbstractTransferListenerAdapter - Downloading https://maven.aliyun.com/repository/public/io/netty/netty-bom/4.1.49.Final/netty-bom-4.1.49.Final.pom
2026-07-27 18:59:10,051 [Worker-7: Updating Maven Project] INFO  o.e.m.c.i.e.AbstractTransferListenerAdapter - Downloaded https://maven.aliyun.com/repository/public/io/netty/netty-bom/4.1.49.Final/netty-bom-4.1.49.Final.pom
2026-07-27 18:59:10,074 [Worker-7: Updating Maven Project] INFO  o.e.m.c.i.e.AbstractTransferListenerAdapter - Downloading https://maven.aliyun.com/repository/public/org/sonatype/oss/oss-parent/7/oss-parent-7.pom
2026-07-27 18:59:10,121 [Worker-7: Updating Maven Project] INFO  o.e.m.c.i.e.AbstractTransferListenerAdapter - Downloaded https://maven.aliyun.com/repository/public/org/sonatype/oss/oss-parent/7/oss-parent-7.pom
2026-07-27 18:59:10,164 [Worker-7: Updating Maven Project] INFO  o.e.m.c.i.e.AbstractTransferListenerAdapter - Downloading https://maven.aliyun.com/repository/public/io/r2dbc/r2dbc-bom/Arabba-SR3/r2dbc-bom-Arabba-SR3.pom
2026-07-27 18:59:10,199 [Worker-7: Updating Maven Project] INFO  o.e.m.c.i.e.AbstractTransferListenerAdapter - Downloaded https://maven.aliyun.com/repository/public/io/r2dbc/r2dbc-bom/Arabba-SR3/r2dbc-bom-Arabba-SR3.pom
2026-07-27 18:59:10,240 [Worker-7: Updating Maven Project] INFO  o.e.m.c.i.e.AbstractTransferListenerAdapter - Downloading https://maven.aliyun.com/repository/public/io/projectreactor/reactor-bom/Dysprosium-SR7/reactor-bom-Dysprosium-SR7.pom
2026-07-27 18:59:10,563 [Worker-7: Updating Maven Project] INFO  o.e.m.c.i.e.AbstractTransferListenerAdapter - Downloaded https://maven.aliyun.com/repository/public/io/projectreactor/reactor-bom/Dysprosium-SR7/reactor-bom-Dysprosium-SR7.pom
2026-07-27 18:59:10,604 [Worker-7: Updating Maven Project] INFO  o.e.m.c.i.e.AbstractTransferListenerAdapter - Downloading https://maven.aliyun.com/repository/public/io/rsocket/rsocket-bom/1.0.0/rsocket-bom-1.0.0.pom
2026-07-27 18:59:10,650 [Worker-7: Updating Maven Project] INFO  o.e.m.c.i.e.AbstractTransferListenerAdapter - Downloaded https://maven.aliyun.com/repository/public/io/rsocket/rsocket-bom/1.0.0/rsocket-bom-1.0.0.pom
2026-07-27 18:59:10,699 [Worker-7: Updating Maven Project] INFO  o.e.m.c.i.e.AbstractTransferListenerAdapter - Downloading https://maven.aliyun.com/repository/public/org/springframework/data/spring-data-releasetrain/Neumann-RELEASE/spring-data-releasetrain-Neumann-RELEASE.pom
2026-07-27 18:59:10,744 [Worker-7: Updating Maven Project] INFO  o.e.m.c.i.e.AbstractTransferListenerAdapter - Downloaded https://maven.aliyun.com/repository/public/org/springframework/data/spring-data-releasetrain/Neumann-RELEASE/spring-data-releasetrain-Neumann-RELEASE.pom
2026-07-27 18:59:10,791 [Worker-7: Updating Maven Project] INFO  o.e.m.c.i.e.AbstractTransferListenerAdapter - Downloading https://maven.aliyun.com/repository/public/org/springframework/data/build/spring-data-build/2.3.0.RELEASE/spring-data-build-2.3.0.RELEASE.pom
2026-07-27 18:59:10,829 [Worker-7: Updating Maven Project] INFO  o.e.m.c.i.e.AbstractTransferListenerAdapter - Downloaded https://maven.aliyun.com/repository/public/org/springframework/data/build/spring-data-build/2.3.0.RELEASE/spring-data-build-2.3.0.RELEASE.pom
2026-07-27 18:59:10,864 [Worker-7: Updating Maven Project] INFO  o.e.m.c.i.e.AbstractTransferListenerAdapter - Downloading https://maven.aliyun.com/repository/public/org/springframework/spring-framework-bom/5.2.6.RELEASE/spring-framework-bom-5.2.6.RELEASE.pom
2026-07-27 18:59:10,907 [Worker-7: Updating Maven Project] INFO  o.e.m.c.i.e.AbstractTransferListenerAdapter - Downloaded https://maven.aliyun.com/repository/public/org/springframework/spring-framework-bom/5.2.6.RELEASE/spring-framework-bom-5.2.6.RELEASE.pom
2026-07-27 18:59:10,955 [Worker-7: Updating Maven Project] INFO  o.e.m.c.i.e.AbstractTransferListenerAdapter - Downloading https://maven.aliyun.com/repository/public/org/springframework/integration/spring-integration-bom/5.3.0.RELEASE/spring-integration-bom-5.3.0.RELEASE.pom
2026-07-27 18:59:10,987 [Worker-7: Updating Maven Project] INFO  o.e.m.c.i.e.AbstractTransferListenerAdapter - Downloaded https://maven.aliyun.com/repository/public/org/springframework/integration/spring-integration-bom/5.3.0.RELEASE/spring-integration-bom-5.3.0.RELEASE.pom
2026-07-27 18:59:11,049 [Worker-7: Updating Maven Project] INFO  o.e.m.c.i.e.AbstractTransferListenerAdapter - Downloading https://maven.aliyun.com/repository/public/org/springframework/security/spring-security-bom/5.3.2.RELEASE/spring-security-bom-5.3.2.RELEASE.pom
2026-07-27 18:59:11,116 [Worker-7: Updating Maven Project] INFO  o.e.m.c.i.e.AbstractTransferListenerAdapter - Downloaded https://maven.aliyun.com/repository/public/org/springframework/security/spring-security-bom/5.3.2.RELEASE/spring-security-bom-5.3.2.RELEASE.pom
2026-07-27 18:59:11,138 [Worker-7: Updating Maven Project] INFO  o.e.m.c.i.e.AbstractTransferListenerAdapter - Downloading https://maven.aliyun.com/repository/public/org/springframework/session/spring-session-bom/Dragonfruit-RELEASE/spring-session-bom-Dragonfruit-RELEASE.pom
2026-07-27 18:59:11,192 [Worker-7: Updating Maven Project] INFO  o.e.m.c.i.e.AbstractTransferListenerAdapter - Downloaded https://maven.aliyun.com/repository/public/org/springframework/session/spring-session-bom/Dragonfruit-RELEASE/spring-session-bom-Dragonfruit-RELEASE.pom
2026-07-27 18:59:11,684 [Worker-7: Updating Maven Project] INFO  o.e.m.c.i.e.AbstractTransferListenerAdapter - Downloading https://maven.aliyun.com/repository/public/org/apache/maven/plugins/maven-clean-plugin/3.1.0/maven-clean-plugin-3.1.0.jar
2026-07-27 18:59:11,990 [Worker-7: Updating Maven Project] INFO  o.e.m.c.i.e.AbstractTransferListenerAdapter - Downloaded https://maven.aliyun.com/repository/public/org/apache/maven/plugins/maven-clean-plugin/3.1.0/maven-clean-plugin-3.1.0.jar
2026-07-27 18:59:12,122 [Worker-7: Updating Maven Project] INFO  o.e.m.c.i.e.AbstractTransferListenerAdapter - Downloading https://maven.aliyun.com/repository/public/org/apache/maven/plugins/maven-resources-plugin/3.1.0/maven-resources-plugin-3.1.0.jar
2026-07-27 18:59:12,182 [Worker-7: Updating Maven Project] INFO  o.e.m.c.i.e.AbstractTransferListenerAdapter - Downloaded https://maven.aliyun.com/repository/public/org/apache/maven/plugins/maven-resources-plugin/3.1.0/maven-resources-plugin-3.1.0.jar
2026-07-27 18:59:12,242 [Worker-7: Updating Maven Project] INFO  o.e.m.c.i.e.AbstractTransferListenerAdapter - Downloading https://maven.aliyun.com/repository/public/org/apache/maven/plugins/maven-compiler-plugin/3.8.1/maven-compiler-plugin-3.8.1.jar
2026-07-27 18:59:12,274 [Worker-7: Updating Maven Project] INFO  o.e.m.c.i.e.AbstractTransferListenerAdapter - Downloaded https://maven.aliyun.com/repository/public/org/apache/maven/plugins/maven-compiler-plugin/3.8.1/maven-compiler-plugin-3.8.1.jar
2026-07-27 18:59:12,338 [Worker-7: Updating Maven Project] INFO  o.e.m.c.i.e.AbstractTransferListenerAdapter - Downloading https://maven.aliyun.com/repository/public/org/apache/maven/plugins/maven-surefire-plugin/2.22.2/maven-surefire-plugin-2.22.2.jar
2026-07-27 18:59:12,394 [Worker-7: Updating Maven Project] INFO  o.e.m.c.i.e.AbstractTransferListenerAdapter - Downloaded https://maven.aliyun.com/repository/public/org/apache/maven/plugins/maven-surefire-plugin/2.22.2/maven-surefire-plugin-2.22.2.jar
2026-07-27 18:59:12,498 [Worker-7: Updating Maven Project] INFO  o.e.m.c.i.e.AbstractTransferListenerAdapter - Downloading https://maven.aliyun.com/repository/public/org/apache/maven/plugins/maven-jar-plugin/3.2.0/maven-jar-plugin-3.2.0.jar
2026-07-27 18:59:12,539 [Worker-7: Updating Maven Project] INFO  o.e.m.c.i.e.AbstractTransferListenerAdapter - Downloaded https://maven.aliyun.com/repository/public/org/apache/maven/plugins/maven-jar-plugin/3.2.0/maven-jar-plugin-3.2.0.jar
2026-07-27 18:59:12,598 [Worker-7: Updating Maven Project] INFO  o.e.m.c.i.e.AbstractTransferListenerAdapter - Downloading https://maven.aliyun.com/repository/public/org/apache/maven/plugins/maven-install-plugin/2.5.2/maven-install-plugin-2.5.2.jar
2026-07-27 18:59:12,639 [Worker-7: Updating Maven Project] INFO  o.e.m.c.i.e.AbstractTransferListenerAdapter - Downloaded https://maven.aliyun.com/repository/public/org/apache/maven/plugins/maven-install-plugin/2.5.2/maven-install-plugin-2.5.2.jar
2026-07-27 18:59:12,750 [Worker-7: Updating Maven Project] INFO  o.e.m.c.i.e.AbstractTransferListenerAdapter - Downloading https://maven.aliyun.com/repository/public/org/apache/maven/plugins/maven-deploy-plugin/2.8.2/maven-deploy-plugin-2.8.2.jar
2026-07-27 18:59:12,792 [Worker-7: Updating Maven Project] INFO  o.e.m.c.i.e.AbstractTransferListenerAdapter - Downloaded https://maven.aliyun.com/repository/public/org/apache/maven/plugins/maven-deploy-plugin/2.8.2/maven-deploy-plugin-2.8.2.jar
2026-07-27 18:59:12,897 [Worker-7: Updating Maven Project] INFO  o.e.m.c.i.e.AbstractTransferListenerAdapter - Downloading https://maven.aliyun.com/repository/public/org/apache/maven/plugins/maven-site-plugin/3.3/maven-site-plugin-3.3.jar
2026-07-27 18:59:12,964 [Worker-7: Updating Maven Project] INFO  o.e.m.c.i.e.AbstractTransferListenerAdapter - Downloaded https://maven.aliyun.com/repository/public/org/apache/maven/plugins/maven-site-plugin/3.3/maven-site-plugin-3.3.jar
2026-07-27 18:59:13,028 [Worker-7: Updating Maven Project] INFO  o.e.m.c.i.e.AbstractTransferListenerAdapter - Downloading https://maven.aliyun.com/repository/public/org/apache/maven/plugins/maven-compiler-plugin/3.8.1/maven-compiler-plugin-3.8.1.pom
2026-07-27 18:59:13,058 [Worker-7: Updating Maven Project] INFO  o.e.m.c.i.e.AbstractTransferListenerAdapter - Downloaded https://maven.aliyun.com/repository/public/org/apache/maven/plugins/maven-compiler-plugin/3.8.1/maven-compiler-plugin-3.8.1.pom
2026-07-27 18:59:13,085 [Worker-7: Updating Maven Project] INFO  o.e.m.c.i.e.AbstractTransferListenerAdapter - Downloading https://maven.aliyun.com/repository/public/org/apache/maven/plugins/maven-plugins/33/maven-plugins-33.pom
2026-07-27 18:59:13,149 [Worker-7: Updating Maven Project] INFO  o.e.m.c.i.e.AbstractTransferListenerAdapter - Downloaded https://maven.aliyun.com/repository/public/org/apache/maven/plugins/maven-plugins/33/maven-plugins-33.pom
2026-07-27 18:59:13,175 [Worker-7: Updating Maven Project] INFO  o.e.m.c.i.e.AbstractTransferListenerAdapter - Downloading https://maven.aliyun.com/repository/public/org/apache/maven/maven-parent/33/maven-parent-33.pom
2026-07-27 18:59:13,206 [Worker-7: Updating Maven Project] INFO  o.e.m.c.i.e.AbstractTransferListenerAdapter - Downloaded https://maven.aliyun.com/repository/public/org/apache/maven/maven-parent/33/maven-parent-33.pom
2026-07-27 18:59:13,281 [Worker-7: Updating Maven Project] INFO  o.e.m.c.i.e.AbstractTransferListenerAdapter - Downloading https://maven.aliyun.com/repository/public/org/apache/apache/21/apache-21.pom
2026-07-27 18:59:13,324 [Worker-7: Updating Maven Project] INFO  o.e.m.c.i.e.AbstractTransferListenerAdapter - Downloaded https://maven.aliyun.com/repository/public/org/apache/apache/21/apache-21.pom
2026-07-27 18:59:13,392 [Worker-7: Updating Maven Project] INFO  o.e.m.c.i.e.AbstractTransferListenerAdapter - Downloading https://maven.aliyun.com/repository/public/org/apache/maven/maven-plugin-api/3.0/maven-plugin-api-3.0.pom
2026-07-27 18:59:13,431 [Worker-7: Updating Maven Project] INFO  o.e.m.c.i.e.AbstractTransferListenerAdapter - Downloaded https://maven.aliyun.com/repository/public/org/apache/maven/maven-plugin-api/3.0/maven-plugin-api-3.0.pom
2026-07-27 18:59:13,461 [Worker-7: Updating Maven Project] INFO  o.e.m.c.i.e.AbstractTransferListenerAdapter - Downloading https://maven.aliyun.com/repository/public/org/apache/maven/maven/3.0/maven-3.0.pom
2026-07-27 18:59:13,502 [Worker-7: Updating Maven Project] INFO  o.e.m.c.i.e.AbstractTransferListenerAdapter - Downloaded https://maven.aliyun.com/repository/public/org/apache/maven/maven/3.0/maven-3.0.pom
2026-07-27 18:59:13,526 [Worker-7: Updating Maven Project] INFO  o.e.m.c.i.e.AbstractTransferListenerAdapter - Downloading https://maven.aliyun.com/repository/public/org/apache/maven/maven-parent/15/maven-parent-15.pom
2026-07-27 18:59:13,571 [Worker-7: Updating Maven Project] INFO  o.e.m.c.i.e.AbstractTransferListenerAdapter - Downloaded https://maven.aliyun.com/repository/public/org/apache/maven/maven-parent/15/maven-parent-15.pom
2026-07-27 18:59:13,601 [Worker-7: Updating Maven Project] INFO  o.e.m.c.i.e.AbstractTransferListenerAdapter - Downloading https://maven.aliyun.com/repository/public/org/apache/apache/6/apache-6.pom
2026-07-27 18:59:13,637 [Worker-7: Updating Maven Project] INFO  o.e.m.c.i.e.AbstractTransferListenerAdapter - Downloaded https://maven.aliyun.com/repository/public/org/apache/apache/6/apache-6.pom
2026-07-27 18:59:13,665 [Worker-7: Updating Maven Project] INFO  o.e.m.c.i.e.AbstractTransferListenerAdapter - Downloading https://maven.aliyun.com/repository/public/org/apache/maven/maven-model/3.0/maven-model-3.0.pom
2026-07-27 18:59:13,703 [Worker-7: Updating Maven Project] INFO  o.e.m.c.i.e.AbstractTransferListenerAdapter - Downloaded https://maven.aliyun.com/repository/public/org/apache/maven/maven-model/3.0/maven-model-3.0.pom
2026-07-27 18:59:13,735 [Worker-7: Updating Maven Project] INFO  o.e.m.c.i.e.AbstractTransferListenerAdapter - Downloading https://maven.aliyun.com/repository/public/org/codehaus/plexus/plexus-utils/2.0.4/plexus-utils-2.0.4.pom
2026-07-27 18:59:13,765 [Worker-7: Updating Maven Project] INFO  o.e.m.c.i.e.AbstractTransferListenerAdapter - Downloaded https://maven.aliyun.com/repository/public/org/codehaus/plexus/plexus-utils/2.0.4/plexus-utils-2.0.4.pom
2026-07-27 18:59:13,795 [Worker-7: Updating Maven Project] INFO  o.e.m.c.i.e.AbstractTransferListenerAdapter - Downloading https://maven.aliyun.com/repository/public/org/codehaus/plexus/plexus/2.0.6/plexus-2.0.6.pom
2026-07-27 18:59:13,825 [Worker-7: Updating Maven Project] INFO  o.e.m.c.i.e.AbstractTransferListenerAdapter - Downloaded https://maven.aliyun.com/repository/public/org/codehaus/plexus/plexus/2.0.6/plexus-2.0.6.pom
2026-07-27 18:59:13,848 [Worker-7: Updating Maven Project] INFO  o.e.m.c.i.e.AbstractTransferListenerAdapter - Downloading https://maven.aliyun.com/repository/public/org/apache/maven/maven-artifact/3.0/maven-artifact-3.0.pom
2026-07-27 18:59:13,908 [Worker-7: Updating Maven Project] INFO  o.e.m.c.i.e.AbstractTransferListenerAdapter - Downloaded https://maven.aliyun.com/repository/public/org/apache/maven/maven-artifact/3.0/maven-artifact-3.0.pom
2026-07-27 18:59:13,953 [Worker-7: Updating Maven Project] INFO  o.e.m.c.i.e.AbstractTransferListenerAdapter - Downloading https://maven.aliyun.com/repository/public/org/sonatype/sisu/sisu-inject-plexus/1.4.2/sisu-inject-plexus-1.4.2.pom
2026-07-27 18:59:13,992 [Worker-7: Updating Maven Project] INFO  o.e.m.c.i.e.AbstractTransferListenerAdapter - Downloaded https://maven.aliyun.com/repository/public/org/sonatype/sisu/sisu-inject-plexus/1.4.2/sisu-inject-plexus-1.4.2.pom
2026-07-27 18:59:14,016 [Worker-7: Updating Maven Project] INFO  o.e.m.c.i.e.AbstractTransferListenerAdapter - Downloading https://maven.aliyun.com/repository/public/org/sonatype/sisu/inject/guice-plexus/1.4.2/guice-plexus-1.4.2.pom
2026-07-27 18:59:14,047 [Worker-7: Updating Maven Project] INFO  o.e.m.c.i.e.AbstractTransferListenerAdapter - Downloaded https://maven.aliyun.com/repository/public/org/sonatype/sisu/inject/guice-plexus/1.4.2/guice-plexus-1.4.2.pom
2026-07-27 18:59:14,073 [Worker-7: Updating Maven Project] INFO  o.e.m.c.i.e.AbstractTransferListenerAdapter - Downloading https://maven.aliyun.com/repository/public/org/sonatype/sisu/inject/guice-bean/1.4.2/guice-bean-1.4.2.pom
2026-07-27 18:59:14,150 [Worker-7: Updating Maven Project] INFO  o.e.m.c.i.e.AbstractTransferListenerAdapter - Downloaded https://maven.aliyun.com/repository/public/org/sonatype/sisu/inject/guice-bean/1.4.2/guice-bean-1.4.2.pom
2026-07-27 18:59:14,173 [Worker-7: Updating Maven Project] INFO  o.e.m.c.i.e.AbstractTransferListenerAdapter - Downloading https://maven.aliyun.com/repository/public/org/sonatype/sisu/sisu-inject/1.4.2/sisu-inject-1.4.2.pom
2026-07-27 18:59:14,209 [Worker-7: Updating Maven Project] INFO  o.e.m.c.i.e.AbstractTransferListenerAdapter - Downloaded https://maven.aliyun.com/repository/public/org/sonatype/sisu/sisu-inject/1.4.2/sisu-inject-1.4.2.pom
2026-07-27 18:59:14,234 [Worker-7: Updating Maven Project] INFO  o.e.m.c.i.e.AbstractTransferListenerAdapter - Downloading https://maven.aliyun.com/repository/public/org/sonatype/sisu/sisu-parent/1.4.2/sisu-parent-1.4.2.pom
2026-07-27 18:59:14,276 [Worker-7: Updating Maven Project] INFO  o.e.m.c.i.e.AbstractTransferListenerAdapter - Downloaded https://maven.aliyun.com/repository/public/org/sonatype/sisu/sisu-parent/1.4.2/sisu-parent-1.4.2.pom
2026-07-27 18:59:14,299 [Worker-7: Updating Maven Project] INFO  o.e.m.c.i.e.AbstractTransferListenerAdapter - Downloading https://maven.aliyun.com/repository/public/org/sonatype/forge/forge-parent/6/forge-parent-6.pom
2026-07-27 18:59:14,340 [Worker-7: Updating Maven Project] INFO  o.e.m.c.i.e.AbstractTransferListenerAdapter - Downloaded https://maven.aliyun.com/repository/public/org/sonatype/forge/forge-parent/6/forge-parent-6.pom
2026-07-27 18:59:14,365 [Worker-7: Updating Maven Project] INFO  o.e.m.c.i.e.AbstractTransferListenerAdapter - Downloading https://maven.aliyun.com/repository/public/org/codehaus/plexus/plexus-component-annotations/1.7.1/plexus-component-annotations-1.7.1.pom
2026-07-27 18:59:14,433 [Worker-7: Updating Maven Project] INFO  o.e.m.c.i.e.AbstractTransferListenerAdapter - Downloaded https://maven.aliyun.com/repository/public/org/codehaus/plexus/plexus-component-annotations/1.7.1/plexus-component-annotations-1.7.1.pom
2026-07-27 18:59:14,472 [Worker-7: Updating Maven Project] INFO  o.e.m.c.i.e.AbstractTransferListenerAdapter - Downloading https://maven.aliyun.com/repository/public/org/codehaus/plexus/plexus-containers/1.7.1/plexus-containers-1.7.1.pom
2026-07-27 18:59:14,504 [Worker-7: Updating Maven Project] INFO  o.e.m.c.i.e.AbstractTransferListenerAdapter - Downloaded https://maven.aliyun.com/repository/public/org/codehaus/plexus/plexus-containers/1.7.1/plexus-containers-1.7.1.pom
2026-07-27 18:59:14,525 [Worker-7: Updating Maven Project] INFO  o.e.m.c.i.e.AbstractTransferListenerAdapter - Downloading https://maven.aliyun.com/repository/public/org/codehaus/plexus/plexus/4.0/plexus-4.0.pom
2026-07-27 18:59:14,542 [Worker-7: Updating Maven Project] INFO  o.e.m.c.i.e.AbstractTransferListenerAdapter - Downloaded https://maven.aliyun.com/repository/public/org/codehaus/plexus/plexus/4.0/plexus-4.0.pom
2026-07-27 18:59:14,574 [Worker-7: Updating Maven Project] INFO  o.e.m.c.i.e.AbstractTransferListenerAdapter - Downloading https://maven.aliyun.com/repository/public/org/sonatype/forge/forge-parent/10/forge-parent-10.pom
2026-07-27 18:59:14,606 [Worker-7: Updating Maven Project] INFO  o.e.m.c.i.e.AbstractTransferListenerAdapter - Downloaded https://maven.aliyun.com/repository/public/org/sonatype/forge/forge-parent/10/forge-parent-10.pom
2026-07-27 18:59:14,634 [Worker-7: Updating Maven Project] INFO  o.e.m.c.i.e.AbstractTransferListenerAdapter - Downloading https://maven.aliyun.com/repository/public/org/codehaus/plexus/plexus-classworlds/2.2.3/plexus-classworlds-2.2.3.pom
2026-07-27 18:59:14,680 [Worker-7: Updating Maven Project] INFO  o.e.m.c.i.e.AbstractTransferListenerAdapter - Downloaded https://maven.aliyun.com/repository/public/org/codehaus/plexus/plexus-classworlds/2.2.3/plexus-classworlds-2.2.3.pom
2026-07-27 18:59:14,699 [Worker-7: Updating Maven Project] INFO  o.e.m.c.i.e.AbstractTransferListenerAdapter - Downloading https://maven.aliyun.com/repository/public/org/codehaus/plexus/plexus-utils/2.0.5/plexus-utils-2.0.5.pom
2026-07-27 18:59:14,730 [Worker-7: Updating Maven Project] INFO  o.e.m.c.i.e.AbstractTransferListenerAdapter - Downloaded https://maven.aliyun.com/repository/public/org/codehaus/plexus/plexus-utils/2.0.5/plexus-utils-2.0.5.pom
2026-07-27 18:59:14,754 [Worker-7: Updating Maven Project] INFO  o.e.m.c.i.e.AbstractTransferListenerAdapter - Downloading https://maven.aliyun.com/repository/public/org/sonatype/sisu/sisu-inject-bean/1.4.2/sisu-inject-bean-1.4.2.pom
2026-07-27 18:59:14,791 [Worker-7: Updating Maven Project] INFO  o.e.m.c.i.e.AbstractTransferListenerAdapter - Downloaded https://maven.aliyun.com/repository/public/org/sonatype/sisu/sisu-inject-bean/1.4.2/sisu-inject-bean-1.4.2.pom
2026-07-27 18:59:14,818 [Worker-7: Updating Maven Project] INFO  o.e.m.c.i.e.AbstractTransferListenerAdapter - Downloading https://maven.aliyun.com/repository/public/org/sonatype/sisu/sisu-guice/2.1.7/sisu-guice-2.1.7.pom
2026-07-27 18:59:14,850 [Worker-7: Updating Maven Project] INFO  o.e.m.c.i.e.AbstractTransferListenerAdapter - Downloaded https://maven.aliyun.com/repository/public/org/sonatype/sisu/sisu-guice/2.1.7/sisu-guice-2.1.7.pom
2026-07-27 18:59:14,875 [Worker-7: Updating Maven Project] INFO  o.e.m.c.i.e.AbstractTransferListenerAdapter - Downloading https://maven.aliyun.com/repository/public/org/apache/maven/maven-core/3.0/maven-core-3.0.pom
2026-07-27 18:59:14,911 [Worker-7: Updating Maven Project] INFO  o.e.m.c.i.e.AbstractTransferListenerAdapter - Downloaded https://maven.aliyun.com/repository/public/org/apache/maven/maven-core/3.0/maven-core-3.0.pom
2026-07-27 18:59:14,934 [Worker-7: Updating Maven Project] INFO  o.e.m.c.i.e.AbstractTransferListenerAdapter - Downloading https://maven.aliyun.com/repository/public/org/apache/maven/maven-settings/3.0/maven-settings-3.0.pom
2026-07-27 18:59:14,975 [Worker-7: Updating Maven Project] INFO  o.e.m.c.i.e.AbstractTransferListenerAdapter - Downloaded https://maven.aliyun.com/repository/public/org/apache/maven/maven-settings/3.0/maven-settings-3.0.pom
2026-07-27 18:59:15,001 [Worker-7: Updating Maven Project] INFO  o.e.m.c.i.e.AbstractTransferListenerAdapter - Downloading https://maven.aliyun.com/repository/public/org/apache/maven/maven-settings-builder/3.0/maven-settings-builder-3.0.pom
2026-07-27 18:59:15,048 [Worker-7: Updating Maven Project] INFO  o.e.m.c.i.e.AbstractTransferListenerAdapter - Downloaded https://maven.aliyun.com/repository/public/org/apache/maven/maven-settings-builder/3.0/maven-settings-builder-3.0.pom
2026-07-27 18:59:15,074 [Worker-7: Updating Maven Project] INFO  o.e.m.c.i.e.AbstractTransferListenerAdapter - Downloading https://maven.aliyun.com/repository/public/org/codehaus/plexus/plexus-interpolation/1.14/plexus-interpolation-1.14.pom
2026-07-27 18:59:15,110 [Worker-7: Updating Maven Project] INFO  o.e.m.c.i.e.AbstractTransferListenerAdapter - Downloaded https://maven.aliyun.com/repository/public/org/codehaus/plexus/plexus-interpolation/1.14/plexus-interpolation-1.14.pom
2026-07-27 18:59:15,132 [Worker-7: Updating Maven Project] INFO  o.e.m.c.i.e.AbstractTransferListenerAdapter - Downloading https://maven.aliyun.com/repository/public/org/codehaus/plexus/plexus-components/1.1.18/plexus-components-1.1.18.pom
2026-07-27 18:59:15,162 [Worker-7: Updating Maven Project] INFO  o.e.m.c.i.e.AbstractTransferListenerAdapter - Downloaded https://maven.aliyun.com/repository/public/org/codehaus/plexus/plexus-components/1.1.18/plexus-components-1.1.18.pom
2026-07-27 18:59:15,183 [Worker-7: Updating Maven Project] INFO  o.e.m.c.i.e.AbstractTransferListenerAdapter - Downloading https://maven.aliyun.com/repository/public/org/codehaus/plexus/plexus/2.0.7/plexus-2.0.7.pom
2026-07-27 18:59:15,225 [Worker-7: Updating Maven Project] INFO  o.e.m.c.i.e.AbstractTransferListenerAdapter - Downloaded https://maven.aliyun.com/repository/public/org/codehaus/plexus/plexus/2.0.7/plexus-2.0.7.pom
2026-07-27 18:59:15,274 [Worker-7: Updating Maven Project] INFO  o.e.m.c.i.e.AbstractTransferListenerAdapter - Downloading https://maven.aliyun.com/repository/public/org/sonatype/plexus/plexus-sec-dispatcher/1.3/plexus-sec-dispatcher-1.3.pom
2026-07-27 18:59:15,292 [Worker-7: Updating Maven Project] INFO  o.e.m.c.i.e.AbstractTransferListenerAdapter - Downloaded https://maven.aliyun.com/repository/public/org/sonatype/plexus/plexus-sec-dispatcher/1.3/plexus-sec-dispatcher-1.3.pom
2026-07-27 18:59:15,317 [Worker-7: Updating Maven Project] INFO  o.e.m.c.i.e.AbstractTransferListenerAdapter - Downloading https://maven.aliyun.com/repository/public/org/sonatype/spice/spice-parent/12/spice-parent-12.pom
2026-07-27 18:59:15,336 [Worker-7: Updating Maven Project] INFO  o.e.m.c.i.e.AbstractTransferListenerAdapter - Downloaded https://maven.aliyun.com/repository/public/org/sonatype/spice/spice-parent/12/spice-parent-12.pom
2026-07-27 18:59:15,363 [Worker-7: Updating Maven Project] INFO  o.e.m.c.i.e.AbstractTransferListenerAdapter - Downloading https://maven.aliyun.com/repository/public/org/sonatype/forge/forge-parent/4/forge-parent-4.pom
2026-07-27 18:59:15,381 [Worker-7: Updating Maven Project] INFO  o.e.m.c.i.e.AbstractTransferListenerAdapter - Downloaded https://maven.aliyun.com/repository/public/org/sonatype/forge/forge-parent/4/forge-parent-4.pom
2026-07-27 18:59:15,405 [Worker-7: Updating Maven Project] INFO  o.e.m.c.i.e.AbstractTransferListenerAdapter - Downloading https://maven.aliyun.com/repository/public/org/codehaus/plexus/plexus-utils/1.5.5/plexus-utils-1.5.5.pom
2026-07-27 18:59:15,424 [Worker-7: Updating Maven Project] INFO  o.e.m.c.i.e.AbstractTransferListenerAdapter - Downloaded https://maven.aliyun.com/repository/public/org/codehaus/plexus/plexus-utils/1.5.5/plexus-utils-1.5.5.pom
2026-07-27 18:59:15,447 [Worker-7: Updating Maven Project] INFO  o.e.m.c.i.e.AbstractTransferListenerAdapter - Downloading https://maven.aliyun.com/repository/public/org/codehaus/plexus/plexus/1.0.11/plexus-1.0.11.pom
2026-07-27 18:59:15,468 [Worker-7: Updating Maven Project] INFO  o.e.m.c.i.e.AbstractTransferListenerAdapter - Downloaded https://maven.aliyun.com/repository/public/org/codehaus/plexus/plexus/1.0.11/plexus-1.0.11.pom
2026-07-27 18:59:15,500 [Worker-7: Updating Maven Project] INFO  o.e.m.c.i.e.AbstractTransferListenerAdapter - Downloading https://maven.aliyun.com/repository/public/org/sonatype/plexus/plexus-cipher/1.4/plexus-cipher-1.4.pom
2026-07-27 18:59:15,516 [Worker-7: Updating Maven Project] INFO  o.e.m.c.i.e.AbstractTransferListenerAdapter - Downloaded https://maven.aliyun.com/repository/public/org/sonatype/plexus/plexus-cipher/1.4/plexus-cipher-1.4.pom
2026-07-27 18:59:15,560 [Worker-7: Updating Maven Project] INFO  o.e.m.c.i.e.AbstractTransferListenerAdapter - Downloading https://maven.aliyun.com/repository/public/org/apache/maven/maven-repository-metadata/3.0/maven-repository-metadata-3.0.pom
2026-07-27 18:59:15,599 [Worker-7: Updating Maven Project] INFO  o.e.m.c.i.e.AbstractTransferListenerAdapter - Downloaded https://maven.aliyun.com/repository/public/org/apache/maven/maven-repository-metadata/3.0/maven-repository-metadata-3.0.pom
2026-07-27 18:59:15,626 [Worker-7: Updating Maven Project] INFO  o.e.m.c.i.e.AbstractTransferListenerAdapter - Downloading https://maven.aliyun.com/repository/public/org/apache/maven/maven-model-builder/3.0/maven-model-builder-3.0.pom
2026-07-27 18:59:15,663 [Worker-7: Updating Maven Project] INFO  o.e.m.c.i.e.AbstractTransferListenerAdapter - Downloaded https://maven.aliyun.com/repository/public/org/apache/maven/maven-model-builder/3.0/maven-model-builder-3.0.pom
2026-07-27 18:59:15,693 [Worker-7: Updating Maven Project] INFO  o.e.m.c.i.e.AbstractTransferListenerAdapter - Downloading https://maven.aliyun.com/repository/public/org/apache/maven/maven-aether-provider/3.0/maven-aether-provider-3.0.pom
2026-07-27 18:59:15,730 [Worker-7: Updating Maven Project] INFO  o.e.m.c.i.e.AbstractTransferListenerAdapter - Downloaded https://maven.aliyun.com/repository/public/org/apache/maven/maven-aether-provider/3.0/maven-aether-provider-3.0.pom
2026-07-27 18:59:15,757 [Worker-7: Updating Maven Project] INFO  o.e.m.c.i.e.AbstractTransferListenerAdapter - Downloading https://maven.aliyun.com/repository/public/org/sonatype/aether/aether-api/1.7/aether-api-1.7.pom
2026-07-27 18:59:15,797 [Worker-7: Updating Maven Project] INFO  o.e.m.c.i.e.AbstractTransferListenerAdapter - Downloaded https://maven.aliyun.com/repository/public/org/sonatype/aether/aether-api/1.7/aether-api-1.7.pom
2026-07-27 18:59:15,820 [Worker-7: Updating Maven Project] INFO  o.e.m.c.i.e.AbstractTransferListenerAdapter - Downloading https://maven.aliyun.com/repository/public/org/sonatype/aether/aether-parent/1.7/aether-parent-1.7.pom
2026-07-27 18:59:15,865 [Worker-7: Updating Maven Project] INFO  o.e.m.c.i.e.AbstractTransferListenerAdapter - Downloaded https://maven.aliyun.com/repository/public/org/sonatype/aether/aether-parent/1.7/aether-parent-1.7.pom
2026-07-27 18:59:15,887 [Worker-7: Updating Maven Project] INFO  o.e.m.c.i.e.AbstractTransferListenerAdapter - Downloading https://maven.aliyun.com/repository/public/org/sonatype/aether/aether-util/1.7/aether-util-1.7.pom
2026-07-27 18:59:15,924 [Worker-7: Updating Maven Project] INFO  o.e.m.c.i.e.AbstractTransferListenerAdapter - Downloaded https://maven.aliyun.com/repository/public/org/sonatype/aether/aether-util/1.7/aether-util-1.7.pom
2026-07-27 18:59:15,958 [Worker-7: Updating Maven Project] INFO  o.e.m.c.i.e.AbstractTransferListenerAdapter - Downloading https://maven.aliyun.com/repository/public/org/sonatype/aether/aether-impl/1.7/aether-impl-1.7.pom
2026-07-27 18:59:16,017 [Worker-7: Updating Maven Project] INFO  o.e.m.c.i.e.AbstractTransferListenerAdapter - Downloaded https://maven.aliyun.com/repository/public/org/sonatype/aether/aether-impl/1.7/aether-impl-1.7.pom
2026-07-27 18:59:16,075 [Worker-7: Updating Maven Project] INFO  o.e.m.c.i.e.AbstractTransferListenerAdapter - Downloading https://maven.aliyun.com/repository/public/org/sonatype/aether/aether-spi/1.7/aether-spi-1.7.pom
2026-07-27 18:59:16,108 [Worker-7: Updating Maven Project] INFO  o.e.m.c.i.e.AbstractTransferListenerAdapter - Downloaded https://maven.aliyun.com/repository/public/org/sonatype/aether/aether-spi/1.7/aether-spi-1.7.pom
2026-07-27 18:59:16,153 [Worker-7: Updating Maven Project] INFO  o.e.m.c.i.e.AbstractTransferListenerAdapter - Downloading https://maven.aliyun.com/repository/public/org/apache/maven/shared/maven-shared-utils/3.2.1/maven-shared-utils-3.2.1.pom
2026-07-27 18:59:16,174 [Worker-7: Updating Maven Project] INFO  o.e.m.c.i.e.AbstractTransferListenerAdapter - Downloaded https://maven.aliyun.com/repository/public/org/apache/maven/shared/maven-shared-utils/3.2.1/maven-shared-utils-3.2.1.pom
2026-07-27 18:59:16,208 [Worker-7: Updating Maven Project] INFO  o.e.m.c.i.e.AbstractTransferListenerAdapter - Downloading https://maven.aliyun.com/repository/public/org/apache/maven/shared/maven-shared-components/30/maven-shared-components-30.pom
2026-07-27 18:59:16,239 [Worker-7: Updating Maven Project] INFO  o.e.m.c.i.e.AbstractTransferListenerAdapter - Downloaded https://maven.aliyun.com/repository/public/org/apache/maven/shared/maven-shared-components/30/maven-shared-components-30.pom
2026-07-27 18:59:16,262 [Worker-7: Updating Maven Project] INFO  o.e.m.c.i.e.AbstractTransferListenerAdapter - Downloading https://maven.aliyun.com/repository/public/org/apache/maven/maven-parent/30/maven-parent-30.pom
2026-07-27 18:59:16,292 [Worker-7: Updating Maven Project] INFO  o.e.m.c.i.e.AbstractTransferListenerAdapter - Downloaded https://maven.aliyun.com/repository/public/org/apache/maven/maven-parent/30/maven-parent-30.pom
2026-07-27 18:59:16,322 [Worker-7: Updating Maven Project] INFO  o.e.m.c.i.e.AbstractTransferListenerAdapter - Downloading https://maven.aliyun.com/repository/public/commons-io/commons-io/2.5/commons-io-2.5.pom
2026-07-27 18:59:16,360 [Worker-7: Updating Maven Project] INFO  o.e.m.c.i.e.AbstractTransferListenerAdapter - Downloaded https://maven.aliyun.com/repository/public/commons-io/commons-io/2.5/commons-io-2.5.pom
2026-07-27 18:59:16,384 [Worker-7: Updating Maven Project] INFO  o.e.m.c.i.e.AbstractTransferListenerAdapter - Downloading https://maven.aliyun.com/repository/public/org/apache/commons/commons-parent/39/commons-parent-39.pom
2026-07-27 18:59:16,419 [Worker-7: Updating Maven Project] INFO  o.e.m.c.i.e.AbstractTransferListenerAdapter - Downloaded https://maven.aliyun.com/repository/public/org/apache/commons/commons-parent/39/commons-parent-39.pom
2026-07-27 18:59:16,448 [Worker-7: Updating Maven Project] INFO  o.e.m.c.i.e.AbstractTransferListenerAdapter - Downloading https://maven.aliyun.com/repository/public/org/apache/apache/16/apache-16.pom
2026-07-27 18:59:16,469 [Worker-7: Updating Maven Project] INFO  o.e.m.c.i.e.AbstractTransferListenerAdapter - Downloaded https://maven.aliyun.com/repository/public/org/apache/apache/16/apache-16.pom
2026-07-27 18:59:16,499 [Worker-7: Updating Maven Project] INFO  o.e.m.c.i.e.AbstractTransferListenerAdapter - Downloading https://maven.aliyun.com/repository/public/org/apache/maven/shared/maven-shared-incremental/1.1/maven-shared-incremental-1.1.pom
2026-07-27 18:59:16,515 [Worker-7: Updating Maven Project] INFO  o.e.m.c.i.e.AbstractTransferListenerAdapter - Downloaded https://maven.aliyun.com/repository/public/org/apache/maven/shared/maven-shared-incremental/1.1/maven-shared-incremental-1.1.pom
2026-07-27 18:59:16,538 [Worker-7: Updating Maven Project] INFO  o.e.m.c.i.e.AbstractTransferListenerAdapter - Downloading https://maven.aliyun.com/repository/public/org/apache/maven/shared/maven-shared-components/19/maven-shared-components-19.pom
2026-07-27 18:59:16,556 [Worker-7: Updating Maven Project] INFO  o.e.m.c.i.e.AbstractTransferListenerAdapter - Downloaded https://maven.aliyun.com/repository/public/org/apache/maven/shared/maven-shared-components/19/maven-shared-components-19.pom
2026-07-27 18:59:16,579 [Worker-7: Updating Maven Project] INFO  o.e.m.c.i.e.AbstractTransferListenerAdapter - Downloading https://maven.aliyun.com/repository/public/org/apache/maven/maven-parent/23/maven-parent-23.pom
2026-07-27 18:59:16,596 [Worker-7: Updating Maven Project] INFO  o.e.m.c.i.e.AbstractTransferListenerAdapter - Downloaded https://maven.aliyun.com/repository/public/org/apache/maven/maven-parent/23/maven-parent-23.pom
2026-07-27 18:59:16,619 [Worker-7: Updating Maven Project] INFO  o.e.m.c.i.e.AbstractTransferListenerAdapter - Downloading https://maven.aliyun.com/repository/public/org/apache/apache/13/apache-13.pom
2026-07-27 18:59:16,637 [Worker-7: Updating Maven Project] INFO  o.e.m.c.i.e.AbstractTransferListenerAdapter - Downloaded https://maven.aliyun.com/repository/public/org/apache/apache/13/apache-13.pom
2026-07-27 18:59:16,663 [Worker-7: Updating Maven Project] INFO  o.e.m.c.i.e.AbstractTransferListenerAdapter - Downloading https://maven.aliyun.com/repository/public/org/apache/maven/maven-plugin-api/2.2.1/maven-plugin-api-2.2.1.pom
2026-07-27 18:59:16,719 [Worker-7: Updating Maven Project] INFO  o.e.m.c.i.e.AbstractTransferListenerAdapter - Downloaded https://maven.aliyun.com/repository/public/org/apache/maven/maven-plugin-api/2.2.1/maven-plugin-api-2.2.1.pom
2026-07-27 18:59:16,741 [Worker-7: Updating Maven Project] INFO  o.e.m.c.i.e.AbstractTransferListenerAdapter - Downloading https://maven.aliyun.com/repository/public/org/apache/maven/maven/2.2.1/maven-2.2.1.pom
2026-07-27 18:59:16,757 [Worker-7: Updating Maven Project] INFO  o.e.m.c.i.e.AbstractTransferListenerAdapter - Downloaded https://maven.aliyun.com/repository/public/org/apache/maven/maven/2.2.1/maven-2.2.1.pom
2026-07-27 18:59:16,782 [Worker-7: Updating Maven Project] INFO  o.e.m.c.i.e.AbstractTransferListenerAdapter - Downloading https://maven.aliyun.com/repository/public/org/apache/maven/maven-parent/11/maven-parent-11.pom
2026-07-27 18:59:16,799 [Worker-7: Updating Maven Project] INFO  o.e.m.c.i.e.AbstractTransferListenerAdapter - Downloaded https://maven.aliyun.com/repository/public/org/apache/maven/maven-parent/11/maven-parent-11.pom
2026-07-27 18:59:16,818 [Worker-7: Updating Maven Project] INFO  o.e.m.c.i.e.AbstractTransferListenerAdapter - Downloading https://maven.aliyun.com/repository/public/org/apache/apache/5/apache-5.pom
2026-07-27 18:59:16,838 [Worker-7: Updating Maven Project] INFO  o.e.m.c.i.e.AbstractTransferListenerAdapter - Downloaded https://maven.aliyun.com/repository/public/org/apache/apache/5/apache-5.pom
2026-07-27 18:59:16,859 [Worker-7: Updating Maven Project] INFO  o.e.m.c.i.e.AbstractTransferListenerAdapter - Downloading https://maven.aliyun.com/repository/public/org/apache/maven/maven-core/2.2.1/maven-core-2.2.1.pom
2026-07-27 18:59:16,876 [Worker-7: Updating Maven Project] INFO  o.e.m.c.i.e.AbstractTransferListenerAdapter - Downloaded https://maven.aliyun.com/repository/public/org/apache/maven/maven-core/2.2.1/maven-core-2.2.1.pom
2026-07-27 18:59:16,898 [Worker-7: Updating Maven Project] INFO  o.e.m.c.i.e.AbstractTransferListenerAdapter - Downloading https://maven.aliyun.com/repository/public/org/apache/maven/maven-settings/2.2.1/maven-settings-2.2.1.pom
2026-07-27 18:59:16,915 [Worker-7: Updating Maven Project] INFO  o.e.m.c.i.e.AbstractTransferListenerAdapter - Downloaded https://maven.aliyun.com/repository/public/org/apache/maven/maven-settings/2.2.1/maven-settings-2.2.1.pom
2026-07-27 18:59:16,946 [Worker-7: Updating Maven Project] INFO  o.e.m.c.i.e.AbstractTransferListenerAdapter - Downloading https://maven.aliyun.com/repository/public/org/apache/maven/maven-model/2.2.1/maven-model-2.2.1.pom
2026-07-27 18:59:16,961 [Worker-7: Updating Maven Project] INFO  o.e.m.c.i.e.AbstractTransferListenerAdapter - Downloaded https://maven.aliyun.com/repository/public/org/apache/maven/maven-model/2.2.1/maven-model-2.2.1.pom
2026-07-27 18:59:16,985 [Worker-7: Updating Maven Project] INFO  o.e.m.c.i.e.AbstractTransferListenerAdapter - Downloading https://maven.aliyun.com/repository/public/org/codehaus/plexus/plexus-utils/1.5.15/plexus-utils-1.5.15.pom
2026-07-27 18:59:17,006 [Worker-7: Updating Maven Project] INFO  o.e.m.c.i.e.AbstractTransferListenerAdapter - Downloaded https://maven.aliyun.com/repository/public/org/codehaus/plexus/plexus-utils/1.5.15/plexus-utils-1.5.15.pom
2026-07-27 18:59:17,028 [Worker-7: Updating Maven Project] INFO  o.e.m.c.i.e.AbstractTransferListenerAdapter - Downloading https://maven.aliyun.com/repository/public/org/codehaus/plexus/plexus/2.0.2/plexus-2.0.2.pom
2026-07-27 18:59:17,046 [Worker-7: Updating Maven Project] INFO  o.e.m.c.i.e.AbstractTransferListenerAdapter - Downloaded https://maven.aliyun.com/repository/public/org/codehaus/plexus/plexus/2.0.2/plexus-2.0.2.pom
2026-07-27 18:59:17,065 [Worker-7: Updating Maven Project] INFO  o.e.m.c.i.e.AbstractTransferListenerAdapter - Downloading https://maven.aliyun.com/repository/public/org/codehaus/plexus/plexus-interpolation/1.11/plexus-interpolation-1.11.pom
2026-07-27 18:59:17,081 [Worker-7: Updating Maven Project] INFO  o.e.m.c.i.e.AbstractTransferListenerAdapter - Downloaded https://maven.aliyun.com/repository/public/org/codehaus/plexus/plexus-interpolation/1.11/plexus-interpolation-1.11.pom
2026-07-27 18:59:17,103 [Worker-7: Updating Maven Project] INFO  o.e.m.c.i.e.AbstractTransferListenerAdapter - Downloading https://maven.aliyun.com/repository/public/org/codehaus/plexus/plexus-components/1.1.14/plexus-components-1.1.14.pom
2026-07-27 18:59:17,119 [Worker-7: Updating Maven Project] INFO  o.e.m.c.i.e.AbstractTransferListenerAdapter - Downloaded https://maven.aliyun.com/repository/public/org/codehaus/plexus/plexus-components/1.1.14/plexus-components-1.1.14.pom
2026-07-27 18:59:17,143 [Worker-7: Updating Maven Project] INFO  o.e.m.c.i.e.AbstractTransferListenerAdapter - Downloading https://maven.aliyun.com/repository/public/org/apache/maven/maven-plugin-parameter-documenter/2.2.1/maven-plugin-parameter-documenter-2.2.1.pom
2026-07-27 18:59:17,194 [Worker-7: Updating Maven Project] INFO  o.e.m.c.i.e.AbstractTransferListenerAdapter - Downloaded https://maven.aliyun.com/repository/public/org/apache/maven/maven-plugin-parameter-documenter/2.2.1/maven-plugin-parameter-documenter-2.2.1.pom
2026-07-27 18:59:17,221 [Worker-7: Updating Maven Project] INFO  o.e.m.c.i.e.AbstractTransferListenerAdapter - Downloading https://maven.aliyun.com/repository/public/org/slf4j/slf4j-jdk14/1.5.6/slf4j-jdk14-1.5.6.pom
2026-07-27 18:59:17,239 [Worker-7: Updating Maven Project] INFO  o.e.m.c.i.e.AbstractTransferListenerAdapter - Downloaded https://maven.aliyun.com/repository/public/org/slf4j/slf4j-jdk14/1.5.6/slf4j-jdk14-1.5.6.pom
2026-07-27 18:59:17,268 [Worker-7: Updating Maven Project] INFO  o.e.m.c.i.e.AbstractTransferListenerAdapter - Downloading https://maven.aliyun.com/repository/public/org/slf4j/slf4j-parent/1.5.6/slf4j-parent-1.5.6.pom
2026-07-27 18:59:17,312 [Worker-7: Updating Maven Project] INFO  o.e.m.c.i.e.AbstractTransferListenerAdapter - Downloaded https://maven.aliyun.com/repository/public/org/slf4j/slf4j-parent/1.5.6/slf4j-parent-1.5.6.pom
2026-07-27 18:59:17,336 [Worker-7: Updating Maven Project] INFO  o.e.m.c.i.e.AbstractTransferListenerAdapter - Downloading https://maven.aliyun.com/repository/public/org/slf4j/slf4j-api/1.5.6/slf4j-api-1.5.6.pom
2026-07-27 18:59:17,372 [Worker-7: Updating Maven Project] INFO  o.e.m.c.i.e.AbstractTransferListenerAdapter - Downloaded https://maven.aliyun.com/repository/public/org/slf4j/slf4j-api/1.5.6/slf4j-api-1.5.6.pom
2026-07-27 18:59:17,395 [Worker-7: Updating Maven Project] INFO  o.e.m.c.i.e.AbstractTransferListenerAdapter - Downloading https://maven.aliyun.com/repository/public/org/slf4j/jcl-over-slf4j/1.5.6/jcl-over-slf4j-1.5.6.pom
2026-07-27 18:59:17,423 [Worker-7: Updating Maven Project] INFO  o.e.m.c.i.e.AbstractTransferListenerAdapter - Downloaded https://maven.aliyun.com/repository/public/org/slf4j/jcl-over-slf4j/1.5.6/jcl-over-slf4j-1.5.6.pom
2026-07-27 18:59:17,457 [Worker-7: Updating Maven Project] INFO  o.e.m.c.i.e.AbstractTransferListenerAdapter - Downloading https://maven.aliyun.com/repository/public/org/apache/maven/maven-profile/2.2.1/maven-profile-2.2.1.pom
2026-07-27 18:59:17,472 [Worker-7: Updating Maven Project] INFO  o.e.m.c.i.e.AbstractTransferListenerAdapter - Downloaded https://maven.aliyun.com/repository/public/org/apache/maven/maven-profile/2.2.1/maven-profile-2.2.1.pom
2026-07-27 18:59:17,493 [Worker-7: Updating Maven Project] INFO  o.e.m.c.i.e.AbstractTransferListenerAdapter - Downloading https://maven.aliyun.com/repository/public/org/apache/maven/maven-artifact/2.2.1/maven-artifact-2.2.1.pom
2026-07-27 18:59:17,508 [Worker-7: Updating Maven Project] INFO  o.e.m.c.i.e.AbstractTransferListenerAdapter - Downloaded https://maven.aliyun.com/repository/public/org/apache/maven/maven-artifact/2.2.1/maven-artifact-2.2.1.pom
2026-07-27 18:59:17,532 [Worker-7: Updating Maven Project] INFO  o.e.m.c.i.e.AbstractTransferListenerAdapter - Downloading https://maven.aliyun.com/repository/public/org/apache/maven/maven-repository-metadata/2.2.1/maven-repository-metadata-2.2.1.pom
2026-07-27 18:59:17,553 [Worker-7: Updating Maven Project] INFO  o.e.m.c.i.e.AbstractTransferListenerAdapter - Downloaded https://maven.aliyun.com/repository/public/org/apache/maven/maven-repository-metadata/2.2.1/maven-repository-metadata-2.2.1.pom
2026-07-27 18:59:17,583 [Worker-7: Updating Maven Project] INFO  o.e.m.c.i.e.AbstractTransferListenerAdapter - Downloading https://maven.aliyun.com/repository/public/org/apache/maven/maven-error-diagnostics/2.2.1/maven-error-diagnostics-2.2.1.pom
2026-07-27 18:59:17,622 [Worker-7: Updating Maven Project] INFO  o.e.m.c.i.e.AbstractTransferListenerAdapter - Downloaded https://maven.aliyun.com/repository/public/org/apache/maven/maven-error-diagnostics/2.2.1/maven-error-diagnostics-2.2.1.pom
2026-07-27 18:59:17,647 [Worker-7: Updating Maven Project] INFO  o.e.m.c.i.e.AbstractTransferListenerAdapter - Downloading https://maven.aliyun.com/repository/public/org/apache/maven/maven-project/2.2.1/maven-project-2.2.1.pom
2026-07-27 18:59:17,676 [Worker-7: Updating Maven Project] INFO  o.e.m.c.i.e.AbstractTransferListenerAdapter - Downloaded https://maven.aliyun.com/repository/public/org/apache/maven/maven-project/2.2.1/maven-project-2.2.1.pom
2026-07-27 18:59:17,699 [Worker-7: Updating Maven Project] INFO  o.e.m.c.i.e.AbstractTransferListenerAdapter - Downloading https://maven.aliyun.com/repository/public/org/apache/maven/maven-artifact-manager/2.2.1/maven-artifact-manager-2.2.1.pom
2026-07-27 18:59:17,716 [Worker-7: Updating Maven Project] INFO  o.e.m.c.i.e.AbstractTransferListenerAdapter - Downloaded https://maven.aliyun.com/repository/public/org/apache/maven/maven-artifact-manager/2.2.1/maven-artifact-manager-2.2.1.pom
2026-07-27 18:59:17,739 [Worker-7: Updating Maven Project] INFO  o.e.m.c.i.e.AbstractTransferListenerAdapter - Downloading https://maven.aliyun.com/repository/public/backport-util-concurrent/backport-util-concurrent/3.1/backport-util-concurrent-3.1.pom
2026-07-27 18:59:17,754 [Worker-7: Updating Maven Project] INFO  o.e.m.c.i.e.AbstractTransferListenerAdapter - Downloaded https://maven.aliyun.com/repository/public/backport-util-concurrent/backport-util-concurrent/3.1/backport-util-concurrent-3.1.pom
2026-07-27 18:59:17,776 [Worker-7: Updating Maven Project] INFO  o.e.m.c.i.e.AbstractTransferListenerAdapter - Downloading https://maven.aliyun.com/repository/public/org/apache/maven/maven-plugin-registry/2.2.1/maven-plugin-registry-2.2.1.pom
2026-07-27 18:59:17,793 [Worker-7: Updating Maven Project] INFO  o.e.m.c.i.e.AbstractTransferListenerAdapter - Downloaded https://maven.aliyun.com/repository/public/org/apache/maven/maven-plugin-registry/2.2.1/maven-plugin-registry-2.2.1.pom
2026-07-27 18:59:17,816 [Worker-7: Updating Maven Project] INFO  o.e.m.c.i.e.AbstractTransferListenerAdapter - Downloading https://maven.aliyun.com/repository/public/org/apache/maven/maven-plugin-descriptor/2.2.1/maven-plugin-descriptor-2.2.1.pom
2026-07-27 18:59:17,831 [Worker-7: Updating Maven Project] INFO  o.e.m.c.i.e.AbstractTransferListenerAdapter - Downloaded https://maven.aliyun.com/repository/public/org/apache/maven/maven-plugin-descriptor/2.2.1/maven-plugin-descriptor-2.2.1.pom
2026-07-27 18:59:17,857 [Worker-7: Updating Maven Project] INFO  o.e.m.c.i.e.AbstractTransferListenerAdapter - Downloading https://maven.aliyun.com/repository/public/org/apache/maven/maven-monitor/2.2.1/maven-monitor-2.2.1.pom
2026-07-27 18:59:17,880 [Worker-7: Updating Maven Project] INFO  o.e.m.c.i.e.AbstractTransferListenerAdapter - Downloaded https://maven.aliyun.com/repository/public/org/apache/maven/maven-monitor/2.2.1/maven-monitor-2.2.1.pom
2026-07-27 18:59:17,901 [Worker-7: Updating Maven Project] INFO  o.e.m.c.i.e.AbstractTransferListenerAdapter - Downloading https://maven.aliyun.com/repository/public/org/apache/maven/shared/maven-shared-utils/0.1/maven-shared-utils-0.1.pom
2026-07-27 18:59:17,938 [Worker-7: Updating Maven Project] INFO  o.e.m.c.i.e.AbstractTransferListenerAdapter - Downloaded https://maven.aliyun.com/repository/public/org/apache/maven/shared/maven-shared-utils/0.1/maven-shared-utils-0.1.pom
2026-07-27 18:59:17,960 [Worker-7: Updating Maven Project] INFO  o.e.m.c.i.e.AbstractTransferListenerAdapter - Downloading https://maven.aliyun.com/repository/public/org/apache/maven/shared/maven-shared-components/18/maven-shared-components-18.pom
2026-07-27 18:59:17,978 [Worker-7: Updating Maven Project] INFO  o.e.m.c.i.e.AbstractTransferListenerAdapter - Downloaded https://maven.aliyun.com/repository/public/org/apache/maven/shared/maven-shared-components/18/maven-shared-components-18.pom
2026-07-27 18:59:18,002 [Worker-7: Updating Maven Project] INFO  o.e.m.c.i.e.AbstractTransferListenerAdapter - Downloading https://maven.aliyun.com/repository/public/org/apache/maven/maven-parent/22/maven-parent-22.pom
2026-07-27 18:59:18,032 [Worker-7: Updating Maven Project] INFO  o.e.m.c.i.e.AbstractTransferListenerAdapter - Downloaded https://maven.aliyun.com/repository/public/org/apache/maven/maven-parent/22/maven-parent-22.pom
2026-07-27 18:59:18,053 [Worker-7: Updating Maven Project] INFO  o.e.m.c.i.e.AbstractTransferListenerAdapter - Downloading https://maven.aliyun.com/repository/public/org/apache/apache/11/apache-11.pom
2026-07-27 18:59:18,069 [Worker-7: Updating Maven Project] INFO  o.e.m.c.i.e.AbstractTransferListenerAdapter - Downloaded https://maven.aliyun.com/repository/public/org/apache/apache/11/apache-11.pom
2026-07-27 18:59:18,094 [Worker-7: Updating Maven Project] INFO  o.e.m.c.i.e.AbstractTransferListenerAdapter - Downloading https://maven.aliyun.com/repository/public/com/google/code/findbugs/jsr305/2.0.1/jsr305-2.0.1.pom
2026-07-27 18:59:18,112 [Worker-7: Updating Maven Project] INFO  o.e.m.c.i.e.AbstractTransferListenerAdapter - Downloaded https://maven.aliyun.com/repository/public/com/google/code/findbugs/jsr305/2.0.1/jsr305-2.0.1.pom
2026-07-27 18:59:18,154 [Worker-7: Updating Maven Project] INFO  o.e.m.c.i.e.AbstractTransferListenerAdapter - Downloading https://maven.aliyun.com/repository/public/org/codehaus/plexus/plexus-java/0.9.10/plexus-java-0.9.10.pom
2026-07-27 18:59:18,277 [Worker-7: Updating Maven Project] INFO  o.e.m.c.i.e.AbstractTransferListenerAdapter - Downloaded https://maven.aliyun.com/repository/public/org/codehaus/plexus/plexus-java/0.9.10/plexus-java-0.9.10.pom
2026-07-27 18:59:18,331 [Worker-7: Updating Maven Project] INFO  o.e.m.c.i.e.AbstractTransferListenerAdapter - Downloading https://maven.aliyun.com/repository/public/org/codehaus/plexus/plexus-languages/0.9.10/plexus-languages-0.9.10.pom
2026-07-27 18:59:18,349 [Worker-7: Updating Maven Project] INFO  o.e.m.c.i.e.AbstractTransferListenerAdapter - Downloaded https://maven.aliyun.com/repository/public/org/codehaus/plexus/plexus-languages/0.9.10/plexus-languages-0.9.10.pom
2026-07-27 18:59:18,374 [Worker-7: Updating Maven Project] INFO  o.e.m.c.i.e.AbstractTransferListenerAdapter - Downloading https://maven.aliyun.com/repository/public/org/ow2/asm/asm/6.2/asm-6.2.pom
2026-07-27 18:59:18,390 [Worker-7: Updating Maven Project] INFO  o.e.m.c.i.e.AbstractTransferListenerAdapter - Downloaded https://maven.aliyun.com/repository/public/org/ow2/asm/asm/6.2/asm-6.2.pom
2026-07-27 18:59:18,434 [Worker-7: Updating Maven Project] INFO  o.e.m.c.i.e.AbstractTransferListenerAdapter - Downloading https://maven.aliyun.com/repository/public/org/ow2/ow2/1.5/ow2-1.5.pom
2026-07-27 18:59:18,465 [Worker-7: Updating Maven Project] INFO  o.e.m.c.i.e.AbstractTransferListenerAdapter - Downloaded https://maven.aliyun.com/repository/public/org/ow2/ow2/1.5/ow2-1.5.pom
2026-07-27 18:59:18,497 [Worker-7: Updating Maven Project] INFO  o.e.m.c.i.e.AbstractTransferListenerAdapter - Downloading https://maven.aliyun.com/repository/public/com/thoughtworks/qdox/qdox/2.0-M9/qdox-2.0-M9.pom
2026-07-27 18:59:18,520 [Worker-7: Updating Maven Project] INFO  o.e.m.c.i.e.AbstractTransferListenerAdapter - Downloaded https://maven.aliyun.com/repository/public/com/thoughtworks/qdox/qdox/2.0-M9/qdox-2.0-M9.pom
2026-07-27 18:59:18,542 [Worker-7: Updating Maven Project] INFO  o.e.m.c.i.e.AbstractTransferListenerAdapter - Downloading https://maven.aliyun.com/repository/public/org/sonatype/oss/oss-parent/9/oss-parent-9.pom
2026-07-27 18:59:18,557 [Worker-7: Updating Maven Project] INFO  o.e.m.c.i.e.AbstractTransferListenerAdapter - Downloaded https://maven.aliyun.com/repository/public/org/sonatype/oss/oss-parent/9/oss-parent-9.pom
2026-07-27 18:59:18,597 [Worker-7: Updating Maven Project] INFO  o.e.m.c.i.e.AbstractTransferListenerAdapter - Downloading https://maven.aliyun.com/repository/public/org/codehaus/plexus/plexus-compiler-api/2.8.4/plexus-compiler-api-2.8.4.pom
2026-07-27 18:59:18,653 [Worker-7: Updating Maven Project] INFO  o.e.m.c.i.e.AbstractTransferListenerAdapter - Downloaded https://maven.aliyun.com/repository/public/org/codehaus/plexus/plexus-compiler-api/2.8.4/plexus-compiler-api-2.8.4.pom
2026-07-27 18:59:18,674 [Worker-7: Updating Maven Project] INFO  o.e.m.c.i.e.AbstractTransferListenerAdapter - Downloading https://maven.aliyun.com/repository/public/org/codehaus/plexus/plexus-compiler/2.8.4/plexus-compiler-2.8.4.pom
2026-07-27 18:59:18,722 [Worker-7: Updating Maven Project] INFO  o.e.m.c.i.e.AbstractTransferListenerAdapter - Downloaded https://maven.aliyun.com/repository/public/org/codehaus/plexus/plexus-compiler/2.8.4/plexus-compiler-2.8.4.pom
2026-07-27 18:59:18,746 [Worker-7: Updating Maven Project] INFO  o.e.m.c.i.e.AbstractTransferListenerAdapter - Downloading https://maven.aliyun.com/repository/public/org/codehaus/plexus/plexus-components/4.0/plexus-components-4.0.pom
2026-07-27 18:59:18,764 [Worker-7: Updating Maven Project] INFO  o.e.m.c.i.e.AbstractTransferListenerAdapter - Downloaded https://maven.aliyun.com/repository/public/org/codehaus/plexus/plexus-components/4.0/plexus-components-4.0.pom
2026-07-27 18:59:18,824 [Worker-7: Updating Maven Project] INFO  o.e.m.c.i.e.AbstractTransferListenerAdapter - Downloading https://maven.aliyun.com/repository/public/org/codehaus/plexus/plexus-utils/3.0.22/plexus-utils-3.0.22.pom
2026-07-27 18:59:18,862 [Worker-7: Updating Maven Project] INFO  o.e.m.c.i.e.AbstractTransferListenerAdapter - Downloaded https://maven.aliyun.com/repository/public/org/codehaus/plexus/plexus-utils/3.0.22/plexus-utils-3.0.22.pom
2026-07-27 18:59:18,888 [Worker-7: Updating Maven Project] INFO  o.e.m.c.i.e.AbstractTransferListenerAdapter - Downloading https://maven.aliyun.com/repository/public/org/codehaus/plexus/plexus/3.3.1/plexus-3.3.1.pom
2026-07-27 18:59:18,936 [Worker-7: Updating Maven Project] INFO  o.e.m.c.i.e.AbstractTransferListenerAdapter - Downloaded https://maven.aliyun.com/repository/public/org/codehaus/plexus/plexus/3.3.1/plexus-3.3.1.pom
2026-07-27 18:59:18,955 [Worker-7: Updating Maven Project] INFO  o.e.m.c.i.e.AbstractTransferListenerAdapter - Downloading https://maven.aliyun.com/repository/public/org/sonatype/spice/spice-parent/17/spice-parent-17.pom
2026-07-27 18:59:18,976 [Worker-7: Updating Maven Project] INFO  o.e.m.c.i.e.AbstractTransferListenerAdapter - Downloaded https://maven.aliyun.com/repository/public/org/sonatype/spice/spice-parent/17/spice-parent-17.pom
2026-07-27 18:59:18,999 [Worker-7: Updating Maven Project] INFO  o.e.m.c.i.e.AbstractTransferListenerAdapter - Downloading https://maven.aliyun.com/repository/public/org/codehaus/plexus/plexus-compiler-manager/2.8.4/plexus-compiler-manager-2.8.4.pom
2026-07-27 18:59:19,014 [Worker-7: Updating Maven Project] INFO  o.e.m.c.i.e.AbstractTransferListenerAdapter - Downloaded https://maven.aliyun.com/repository/public/org/codehaus/plexus/plexus-compiler-manager/2.8.4/plexus-compiler-manager-2.8.4.pom
2026-07-27 18:59:19,071 [Worker-7: Updating Maven Project] INFO  o.e.m.c.i.e.AbstractTransferListenerAdapter - Downloading https://maven.aliyun.com/repository/public/org/codehaus/plexus/plexus-compiler-javac/2.8.4/plexus-compiler-javac-2.8.4.pom
2026-07-27 18:59:19,097 [Worker-7: Updating Maven Project] INFO  o.e.m.c.i.e.AbstractTransferListenerAdapter - Downloaded https://maven.aliyun.com/repository/public/org/codehaus/plexus/plexus-compiler-javac/2.8.4/plexus-compiler-javac-2.8.4.pom
2026-07-27 18:59:19,133 [Worker-7: Updating Maven Project] INFO  o.e.m.c.i.e.AbstractTransferListenerAdapter - Downloading https://maven.aliyun.com/repository/public/org/codehaus/plexus/plexus-compilers/2.8.4/plexus-compilers-2.8.4.pom
2026-07-27 18:59:19,180 [Worker-7: Updating Maven Project] INFO  o.e.m.c.i.e.AbstractTransferListenerAdapter - Downloaded https://maven.aliyun.com/repository/public/org/codehaus/plexus/plexus-compilers/2.8.4/plexus-compilers-2.8.4.pom
2026-07-27 18:59:19,265 [Worker-7: Updating Maven Project] INFO  o.e.m.c.i.e.AbstractTransferListenerAdapter - Downloading https://maven.aliyun.com/repository/public/org/apache/maven/maven-plugin-api/3.0/maven-plugin-api-3.0.jar
2026-07-27 18:59:19,301 [Worker-7: Updating Maven Project] INFO  o.e.m.c.i.e.AbstractTransferListenerAdapter - Downloaded https://maven.aliyun.com/repository/public/org/apache/maven/maven-plugin-api/3.0/maven-plugin-api-3.0.jar
2026-07-27 18:59:19,313 [Worker-7: Updating Maven Project] INFO  o.e.m.c.i.e.AbstractTransferListenerAdapter - Downloading https://maven.aliyun.com/repository/public/org/apache/maven/maven-model/3.0/maven-model-3.0.jar
2026-07-27 18:59:19,353 [Worker-7: Updating Maven Project] INFO  o.e.m.c.i.e.AbstractTransferListenerAdapter - Downloaded https://maven.aliyun.com/repository/public/org/apache/maven/maven-model/3.0/maven-model-3.0.jar
2026-07-27 18:59:19,368 [Worker-7: Updating Maven Project] INFO  o.e.m.c.i.e.AbstractTransferListenerAdapter - Downloading https://maven.aliyun.com/repository/public/org/sonatype/sisu/sisu-inject-plexus/1.4.2/sisu-inject-plexus-1.4.2.jar
2026-07-27 18:59:19,413 [Worker-7: Updating Maven Project] INFO  o.e.m.c.i.e.AbstractTransferListenerAdapter - Downloaded https://maven.aliyun.com/repository/public/org/sonatype/sisu/sisu-inject-plexus/1.4.2/sisu-inject-plexus-1.4.2.jar
2026-07-27 18:59:19,468 [Worker-7: Updating Maven Project] INFO  o.e.m.c.i.e.AbstractTransferListenerAdapter - Downloading https://maven.aliyun.com/repository/public/org/sonatype/sisu/sisu-inject-bean/1.4.2/sisu-inject-bean-1.4.2.jar
2026-07-27 18:59:19,491 [Worker-7: Updating Maven Project] INFO  o.e.m.c.i.e.AbstractTransferListenerAdapter - Downloaded https://maven.aliyun.com/repository/public/org/sonatype/sisu/sisu-inject-bean/1.4.2/sisu-inject-bean-1.4.2.jar
2026-07-27 18:59:19,516 [Worker-7: Updating Maven Project] INFO  o.e.m.c.i.e.AbstractTransferListenerAdapter - Downloading https://maven.aliyun.com/repository/public/org/sonatype/sisu/sisu-guice/2.1.7/sisu-guice-2.1.7-noaop.jar
2026-07-27 18:59:19,572 [Worker-7: Updating Maven Project] INFO  o.e.m.c.i.e.AbstractTransferListenerAdapter - Downloaded https://maven.aliyun.com/repository/public/org/sonatype/sisu/sisu-guice/2.1.7/sisu-guice-2.1.7-noaop.jar
2026-07-27 18:59:19,585 [Worker-7: Updating Maven Project] INFO  o.e.m.c.i.e.AbstractTransferListenerAdapter - Downloading https://maven.aliyun.com/repository/public/org/apache/maven/maven-artifact/3.0/maven-artifact-3.0.jar
2026-07-27 18:59:19,601 [Worker-7: Updating Maven Project] INFO  o.e.m.c.i.e.AbstractTransferListenerAdapter - Downloaded https://maven.aliyun.com/repository/public/org/apache/maven/maven-artifact/3.0/maven-artifact-3.0.jar
2026-07-27 18:59:19,615 [Worker-7: Updating Maven Project] INFO  o.e.m.c.i.e.AbstractTransferListenerAdapter - Downloading https://maven.aliyun.com/repository/public/org/codehaus/plexus/plexus-utils/2.0.4/plexus-utils-2.0.4.jar
2026-07-27 18:59:19,719 [Worker-7: Updating Maven Project] INFO  o.e.m.c.i.e.AbstractTransferListenerAdapter - Downloaded https://maven.aliyun.com/repository/public/org/codehaus/plexus/plexus-utils/2.0.4/plexus-utils-2.0.4.jar
2026-07-27 18:59:19,734 [Worker-7: Updating Maven Project] INFO  o.e.m.c.i.e.AbstractTransferListenerAdapter - Downloading https://maven.aliyun.com/repository/public/org/apache/maven/maven-core/3.0/maven-core-3.0.jar
2026-07-27 18:59:19,787 [Worker-7: Updating Maven Project] INFO  o.e.m.c.i.e.AbstractTransferListenerAdapter - Downloaded https://maven.aliyun.com/repository/public/org/apache/maven/maven-core/3.0/maven-core-3.0.jar
2026-07-27 18:59:19,801 [Worker-7: Updating Maven Project] INFO  o.e.m.c.i.e.AbstractTransferListenerAdapter - Downloading https://maven.aliyun.com/repository/public/org/apache/maven/maven-settings/3.0/maven-settings-3.0.jar
2026-07-27 18:59:19,836 [Worker-7: Updating Maven Project] INFO  o.e.m.c.i.e.AbstractTransferListenerAdapter - Downloaded https://maven.aliyun.com/repository/public/org/apache/maven/maven-settings/3.0/maven-settings-3.0.jar
2026-07-27 18:59:19,850 [Worker-7: Updating Maven Project] INFO  o.e.m.c.i.e.AbstractTransferListenerAdapter - Downloading https://maven.aliyun.com/repository/public/org/apache/maven/maven-settings-builder/3.0/maven-settings-builder-3.0.jar
2026-07-27 18:59:19,869 [Worker-7: Updating Maven Project] INFO  o.e.m.c.i.e.AbstractTransferListenerAdapter - Downloaded https://maven.aliyun.com/repository/public/org/apache/maven/maven-settings-builder/3.0/maven-settings-builder-3.0.jar
2026-07-27 18:59:19,888 [Worker-7: Updating Maven Project] INFO  o.e.m.c.i.e.AbstractTransferListenerAdapter - Downloading https://maven.aliyun.com/repository/public/org/apache/maven/maven-repository-metadata/3.0/maven-repository-metadata-3.0.jar
2026-07-27 18:59:19,905 [Worker-7: Updating Maven Project] INFO  o.e.m.c.i.e.AbstractTransferListenerAdapter - Downloaded https://maven.aliyun.com/repository/public/org/apache/maven/maven-repository-metadata/3.0/maven-repository-metadata-3.0.jar
2026-07-27 18:59:19,916 [Worker-7: Updating Maven Project] INFO  o.e.m.c.i.e.AbstractTransferListenerAdapter - Downloading https://maven.aliyun.com/repository/public/org/apache/maven/maven-model-builder/3.0/maven-model-builder-3.0.jar
2026-07-27 18:59:19,943 [Worker-7: Updating Maven Project] INFO  o.e.m.c.i.e.AbstractTransferListenerAdapter - Downloaded https://maven.aliyun.com/repository/public/org/apache/maven/maven-model-builder/3.0/maven-model-builder-3.0.jar
2026-07-27 18:59:19,958 [Worker-7: Updating Maven Project] INFO  o.e.m.c.i.e.AbstractTransferListenerAdapter - Downloading https://maven.aliyun.com/repository/public/org/apache/maven/maven-aether-provider/3.0/maven-aether-provider-3.0.jar
2026-07-27 18:59:19,982 [Worker-7: Updating Maven Project] INFO  o.e.m.c.i.e.AbstractTransferListenerAdapter - Downloaded https://maven.aliyun.com/repository/public/org/apache/maven/maven-aether-provider/3.0/maven-aether-provider-3.0.jar
2026-07-27 18:59:19,998 [Worker-7: Updating Maven Project] INFO  o.e.m.c.i.e.AbstractTransferListenerAdapter - Downloading https://maven.aliyun.com/repository/public/org/sonatype/aether/aether-impl/1.7/aether-impl-1.7.jar
2026-07-27 18:59:20,028 [Worker-7: Updating Maven Project] INFO  o.e.m.c.i.e.AbstractTransferListenerAdapter - Downloaded https://maven.aliyun.com/repository/public/org/sonatype/aether/aether-impl/1.7/aether-impl-1.7.jar
2026-07-27 18:59:20,064 [Worker-7: Updating Maven Project] INFO  o.e.m.c.i.e.AbstractTransferListenerAdapter - Downloading https://maven.aliyun.com/repository/public/org/sonatype/aether/aether-spi/1.7/aether-spi-1.7.jar
2026-07-27 18:59:20,081 [Worker-7: Updating Maven Project] INFO  o.e.m.c.i.e.AbstractTransferListenerAdapter - Downloaded https://maven.aliyun.com/repository/public/org/sonatype/aether/aether-spi/1.7/aether-spi-1.7.jar
2026-07-27 18:59:20,092 [Worker-7: Updating Maven Project] INFO  o.e.m.c.i.e.AbstractTransferListenerAdapter - Downloading https://maven.aliyun.com/repository/public/org/sonatype/aether/aether-api/1.7/aether-api-1.7.jar
2026-07-27 18:59:20,109 [Worker-7: Updating Maven Project] INFO  o.e.m.c.i.e.AbstractTransferListenerAdapter - Downloaded https://maven.aliyun.com/repository/public/org/sonatype/aether/aether-api/1.7/aether-api-1.7.jar
2026-07-27 18:59:20,120 [Worker-7: Updating Maven Project] INFO  o.e.m.c.i.e.AbstractTransferListenerAdapter - Downloading https://maven.aliyun.com/repository/public/org/sonatype/aether/aether-util/1.7/aether-util-1.7.jar
2026-07-27 18:59:20,140 [Worker-7: Updating Maven Project] INFO  o.e.m.c.i.e.AbstractTransferListenerAdapter - Downloaded https://maven.aliyun.com/repository/public/org/sonatype/aether/aether-util/1.7/aether-util-1.7.jar
2026-07-27 18:59:20,154 [Worker-7: Updating Maven Project] INFO  o.e.m.c.i.e.AbstractTransferListenerAdapter - Downloading https://maven.aliyun.com/repository/public/org/codehaus/plexus/plexus-interpolation/1.14/plexus-interpolation-1.14.jar
2026-07-27 18:59:20,191 [Worker-7: Updating Maven Project] INFO  o.e.m.c.i.e.AbstractTransferListenerAdapter - Downloaded https://maven.aliyun.com/repository/public/org/codehaus/plexus/plexus-interpolation/1.14/plexus-interpolation-1.14.jar
2026-07-27 18:59:20,205 [Worker-7: Updating Maven Project] INFO  o.e.m.c.i.e.AbstractTransferListenerAdapter - Downloading https://maven.aliyun.com/repository/public/org/codehaus/plexus/plexus-classworlds/2.2.3/plexus-classworlds-2.2.3.jar
2026-07-27 18:59:20,222 [Worker-7: Updating Maven Project] INFO  o.e.m.c.i.e.AbstractTransferListenerAdapter - Downloaded https://maven.aliyun.com/repository/public/org/codehaus/plexus/plexus-classworlds/2.2.3/plexus-classworlds-2.2.3.jar
2026-07-27 18:59:20,235 [Worker-7: Updating Maven Project] INFO  o.e.m.c.i.e.AbstractTransferListenerAdapter - Downloading https://maven.aliyun.com/repository/public/org/codehaus/plexus/plexus-component-annotations/1.7.1/plexus-component-annotations-1.7.1.jar
2026-07-27 18:59:20,272 [Worker-7: Updating Maven Project] INFO  o.e.m.c.i.e.AbstractTransferListenerAdapter - Downloaded https://maven.aliyun.com/repository/public/org/codehaus/plexus/plexus-component-annotations/1.7.1/plexus-component-annotations-1.7.1.jar
2026-07-27 18:59:20,284 [Worker-7: Updating Maven Project] INFO  o.e.m.c.i.e.AbstractTransferListenerAdapter - Downloading https://maven.aliyun.com/repository/public/org/sonatype/plexus/plexus-sec-dispatcher/1.3/plexus-sec-dispatcher-1.3.jar
2026-07-27 18:59:20,311 [Worker-7: Updating Maven Project] INFO  o.e.m.c.i.e.AbstractTransferListenerAdapter - Downloaded https://maven.aliyun.com/repository/public/org/sonatype/plexus/plexus-sec-dispatcher/1.3/plexus-sec-dispatcher-1.3.jar
2026-07-27 18:59:20,322 [Worker-7: Updating Maven Project] INFO  o.e.m.c.i.e.AbstractTransferListenerAdapter - Downloading https://maven.aliyun.com/repository/public/org/sonatype/plexus/plexus-cipher/1.4/plexus-cipher-1.4.jar
2026-07-27 18:59:20,337 [Worker-7: Updating Maven Project] INFO  o.e.m.c.i.e.AbstractTransferListenerAdapter - Downloaded https://maven.aliyun.com/repository/public/org/sonatype/plexus/plexus-cipher/1.4/plexus-cipher-1.4.jar
2026-07-27 18:59:20,350 [Worker-7: Updating Maven Project] INFO  o.e.m.c.i.e.AbstractTransferListenerAdapter - Downloading https://maven.aliyun.com/repository/public/org/apache/maven/shared/maven-shared-utils/3.2.1/maven-shared-utils-3.2.1.jar
2026-07-27 18:59:20,370 [Worker-7: Updating Maven Project] INFO  o.e.m.c.i.e.AbstractTransferListenerAdapter - Downloaded https://maven.aliyun.com/repository/public/org/apache/maven/shared/maven-shared-utils/3.2.1/maven-shared-utils-3.2.1.jar
2026-07-27 18:59:20,387 [Worker-7: Updating Maven Project] INFO  o.e.m.c.i.e.AbstractTransferListenerAdapter - Downloading https://maven.aliyun.com/repository/public/commons-io/commons-io/2.5/commons-io-2.5.jar
2026-07-27 18:59:20,435 [Worker-7: Updating Maven Project] INFO  o.e.m.c.i.e.AbstractTransferListenerAdapter - Downloaded https://maven.aliyun.com/repository/public/commons-io/commons-io/2.5/commons-io-2.5.jar
2026-07-27 18:59:20,448 [Worker-7: Updating Maven Project] INFO  o.e.m.c.i.e.AbstractTransferListenerAdapter - Downloading https://maven.aliyun.com/repository/public/org/apache/maven/shared/maven-shared-incremental/1.1/maven-shared-incremental-1.1.jar
2026-07-27 18:59:20,464 [Worker-7: Updating Maven Project] INFO  o.e.m.c.i.e.AbstractTransferListenerAdapter - Downloaded https://maven.aliyun.com/repository/public/org/apache/maven/shared/maven-shared-incremental/1.1/maven-shared-incremental-1.1.jar
2026-07-27 18:59:20,486 [Worker-7: Updating Maven Project] INFO  o.e.m.c.i.e.AbstractTransferListenerAdapter - Downloading https://maven.aliyun.com/repository/public/org/codehaus/plexus/plexus-java/0.9.10/plexus-java-0.9.10.jar
2026-07-27 18:59:20,516 [Worker-7: Updating Maven Project] INFO  o.e.m.c.i.e.AbstractTransferListenerAdapter - Downloaded https://maven.aliyun.com/repository/public/org/codehaus/plexus/plexus-java/0.9.10/plexus-java-0.9.10.jar
2026-07-27 18:59:20,531 [Worker-7: Updating Maven Project] INFO  o.e.m.c.i.e.AbstractTransferListenerAdapter - Downloading https://maven.aliyun.com/repository/public/org/ow2/asm/asm/6.2/asm-6.2.jar
2026-07-27 18:59:20,552 [Worker-7: Updating Maven Project] INFO  o.e.m.c.i.e.AbstractTransferListenerAdapter - Downloaded https://maven.aliyun.com/repository/public/org/ow2/asm/asm/6.2/asm-6.2.jar
2026-07-27 18:59:20,566 [Worker-7: Updating Maven Project] INFO  o.e.m.c.i.e.AbstractTransferListenerAdapter - Downloading https://maven.aliyun.com/repository/public/com/thoughtworks/qdox/qdox/2.0-M9/qdox-2.0-M9.jar
2026-07-27 18:59:20,658 [Worker-7: Updating Maven Project] INFO  o.e.m.c.i.e.AbstractTransferListenerAdapter - Downloaded https://maven.aliyun.com/repository/public/com/thoughtworks/qdox/qdox/2.0-M9/qdox-2.0-M9.jar
2026-07-27 18:59:20,677 [Worker-7: Updating Maven Project] INFO  o.e.m.c.i.e.AbstractTransferListenerAdapter - Downloading https://maven.aliyun.com/repository/public/org/codehaus/plexus/plexus-compiler-api/2.8.4/plexus-compiler-api-2.8.4.jar
2026-07-27 18:59:20,694 [Worker-7: Updating Maven Project] INFO  o.e.m.c.i.e.AbstractTransferListenerAdapter - Downloaded https://maven.aliyun.com/repository/public/org/codehaus/plexus/plexus-compiler-api/2.8.4/plexus-compiler-api-2.8.4.jar
2026-07-27 18:59:20,740 [Worker-7: Updating Maven Project] INFO  o.e.m.c.i.e.AbstractTransferListenerAdapter - Downloading https://maven.aliyun.com/repository/public/org/codehaus/plexus/plexus-compiler-manager/2.8.4/plexus-compiler-manager-2.8.4.jar
2026-07-27 18:59:20,782 [Worker-7: Updating Maven Project] INFO  o.e.m.c.i.e.AbstractTransferListenerAdapter - Downloaded https://maven.aliyun.com/repository/public/org/codehaus/plexus/plexus-compiler-manager/2.8.4/plexus-compiler-manager-2.8.4.jar
2026-07-27 18:59:20,795 [Worker-7: Updating Maven Project] INFO  o.e.m.c.i.e.AbstractTransferListenerAdapter - Downloading https://maven.aliyun.com/repository/public/org/codehaus/plexus/plexus-compiler-javac/2.8.4/plexus-compiler-javac-2.8.4.jar
2026-07-27 18:59:20,814 [Worker-7: Updating Maven Project] INFO  o.e.m.c.i.e.AbstractTransferListenerAdapter - Downloaded https://maven.aliyun.com/repository/public/org/codehaus/plexus/plexus-compiler-javac/2.8.4/plexus-compiler-javac-2.8.4.jar
2026-07-27 18:59:21,990 [Worker-7: Updating Maven Project] INFO  o.e.m.c.i.l.LifecycleMappingFactory - Using org.eclipse.m2e.jdt.JarLifecycleMapping lifecycle mapping for MavenProject: com.edu,seiryo:jxc-admin:0.0.1-SNAPSHOT @ E:\Seiryo\STS\SpringBoot2_Project\pom.xml.
2026-07-27 18:59:22,092 [Worker-7: Updating Maven Project] INFO  o.e.m.c.i.e.AbstractTransferListenerAdapter - Downloading https://maven.aliyun.com/repository/public/org/springframework/boot/spring-boot-starter-web/2.3.0.RELEASE/spring-boot-starter-web-2.3.0.RELEASE.pom
2026-07-27 18:59:22,134 [Worker-7: Updating Maven Project] INFO  o.e.m.c.i.e.AbstractTransferListenerAdapter - Downloaded https://maven.aliyun.com/repository/public/org/springframework/boot/spring-boot-starter-web/2.3.0.RELEASE/spring-boot-starter-web-2.3.0.RELEASE.pom
2026-07-27 18:59:22,294 [Worker-7: Updating Maven Project] INFO  o.e.m.c.i.e.AbstractTransferListenerAdapter - Downloading https://maven.aliyun.com/repository/public/org/springframework/boot/spring-boot-starter/2.3.0.RELEASE/spring-boot-starter-2.3.0.RELEASE.pom
2026-07-27 18:59:22,419 [Worker-7: Updating Maven Project] INFO  o.e.m.c.i.e.AbstractTransferListenerAdapter - Downloaded https://maven.aliyun.com/repository/public/org/springframework/boot/spring-boot-starter/2.3.0.RELEASE/spring-boot-starter-2.3.0.RELEASE.pom
2026-07-27 18:59:22,484 [Worker-7: Updating Maven Project] INFO  o.e.m.c.i.e.AbstractTransferListenerAdapter - Downloading https://maven.aliyun.com/repository/public/org/springframework/boot/spring-boot/2.3.0.RELEASE/spring-boot-2.3.0.RELEASE.pom
2026-07-27 18:59:22,521 [Worker-7: Updating Maven Project] INFO  o.e.m.c.i.e.AbstractTransferListenerAdapter - Downloaded https://maven.aliyun.com/repository/public/org/springframework/boot/spring-boot/2.3.0.RELEASE/spring-boot-2.3.0.RELEASE.pom
2026-07-27 18:59:22,579 [Worker-7: Updating Maven Project] INFO  o.e.m.c.i.e.AbstractTransferListenerAdapter - Downloading https://maven.aliyun.com/repository/public/org/springframework/spring-core/5.2.6.RELEASE/spring-core-5.2.6.RELEASE.pom
2026-07-27 18:59:23,017 [Worker-7: Updating Maven Project] INFO  o.e.m.c.i.e.AbstractTransferListenerAdapter - Downloaded https://maven.aliyun.com/repository/public/org/springframework/spring-core/5.2.6.RELEASE/spring-core-5.2.6.RELEASE.pom
2026-07-27 18:59:23,045 [Worker-7: Updating Maven Project] INFO  o.e.m.c.i.e.AbstractTransferListenerAdapter - Downloading https://maven.aliyun.com/repository/public/org/springframework/spring-jcl/5.2.6.RELEASE/spring-jcl-5.2.6.RELEASE.pom
2026-07-27 18:59:23,360 [Worker-7: Updating Maven Project] INFO  o.e.m.c.i.e.AbstractTransferListenerAdapter - Downloaded https://maven.aliyun.com/repository/public/org/springframework/spring-jcl/5.2.6.RELEASE/spring-jcl-5.2.6.RELEASE.pom
2026-07-27 18:59:23,384 [Worker-7: Updating Maven Project] INFO  o.e.m.c.i.e.AbstractTransferListenerAdapter - Downloading https://maven.aliyun.com/repository/public/org/springframework/spring-context/5.2.6.RELEASE/spring-context-5.2.6.RELEASE.pom
2026-07-27 18:59:23,407 [Worker-7: Updating Maven Project] INFO  o.e.m.c.i.e.AbstractTransferListenerAdapter - Downloaded https://maven.aliyun.com/repository/public/org/springframework/spring-context/5.2.6.RELEASE/spring-context-5.2.6.RELEASE.pom
2026-07-27 18:59:23,434 [Worker-7: Updating Maven Project] INFO  o.e.m.c.i.e.AbstractTransferListenerAdapter - Downloading https://maven.aliyun.com/repository/public/org/springframework/spring-aop/5.2.6.RELEASE/spring-aop-5.2.6.RELEASE.pom
2026-07-27 18:59:23,717 [Worker-7: Updating Maven Project] INFO  o.e.m.c.i.e.AbstractTransferListenerAdapter - Downloaded https://maven.aliyun.com/repository/public/org/springframework/spring-aop/5.2.6.RELEASE/spring-aop-5.2.6.RELEASE.pom
2026-07-27 18:59:23,738 [Worker-7: Updating Maven Project] INFO  o.e.m.c.i.e.AbstractTransferListenerAdapter - Downloading https://maven.aliyun.com/repository/public/org/springframework/spring-beans/5.2.6.RELEASE/spring-beans-5.2.6.RELEASE.pom
2026-07-27 18:59:24,079 [Worker-7: Updating Maven Project] INFO  o.e.m.c.i.e.AbstractTransferListenerAdapter - Downloaded https://maven.aliyun.com/repository/public/org/springframework/spring-beans/5.2.6.RELEASE/spring-beans-5.2.6.RELEASE.pom
2026-07-27 18:59:24,107 [Worker-7: Updating Maven Project] INFO  o.e.m.c.i.e.AbstractTransferListenerAdapter - Downloading https://maven.aliyun.com/repository/public/org/springframework/spring-expression/5.2.6.RELEASE/spring-expression-5.2.6.RELEASE.pom
2026-07-27 18:59:24,410 [Worker-7: Updating Maven Project] INFO  o.e.m.c.i.e.AbstractTransferListenerAdapter - Downloaded https://maven.aliyun.com/repository/public/org/springframework/spring-expression/5.2.6.RELEASE/spring-expression-5.2.6.RELEASE.pom
2026-07-27 18:59:24,451 [Worker-7: Updating Maven Project] INFO  o.e.m.c.i.e.AbstractTransferListenerAdapter - Downloading https://maven.aliyun.com/repository/public/org/springframework/boot/spring-boot-autoconfigure/2.3.0.RELEASE/spring-boot-autoconfigure-2.3.0.RELEASE.pom
2026-07-27 18:59:24,484 [Worker-7: Updating Maven Project] INFO  o.e.m.c.i.e.AbstractTransferListenerAdapter - Downloaded https://maven.aliyun.com/repository/public/org/springframework/boot/spring-boot-autoconfigure/2.3.0.RELEASE/spring-boot-autoconfigure-2.3.0.RELEASE.pom
2026-07-27 18:59:24,524 [Worker-7: Updating Maven Project] INFO  o.e.m.c.i.e.AbstractTransferListenerAdapter - Downloading https://maven.aliyun.com/repository/public/org/springframework/boot/spring-boot-starter-logging/2.3.0.RELEASE/spring-boot-starter-logging-2.3.0.RELEASE.pom
2026-07-27 18:59:24,831 [Worker-7: Updating Maven Project] INFO  o.e.m.c.i.e.AbstractTransferListenerAdapter - Downloaded https://maven.aliyun.com/repository/public/org/springframework/boot/spring-boot-starter-logging/2.3.0.RELEASE/spring-boot-starter-logging-2.3.0.RELEASE.pom
2026-07-27 18:59:24,862 [Worker-7: Updating Maven Project] INFO  o.e.m.c.i.e.AbstractTransferListenerAdapter - Downloading https://maven.aliyun.com/repository/public/ch/qos/logback/logback-classic/1.2.3/logback-classic-1.2.3.pom
2026-07-27 18:59:25,456 [Worker-7: Updating Maven Project] INFO  o.e.m.c.i.e.AbstractTransferListenerAdapter - Downloaded https://maven.aliyun.com/repository/public/ch/qos/logback/logback-classic/1.2.3/logback-classic-1.2.3.pom
2026-07-27 18:59:25,481 [Worker-7: Updating Maven Project] INFO  o.e.m.c.i.e.AbstractTransferListenerAdapter - Downloading https://maven.aliyun.com/repository/public/ch/qos/logback/logback-parent/1.2.3/logback-parent-1.2.3.pom
2026-07-27 18:59:25,782 [Worker-7: Updating Maven Project] INFO  o.e.m.c.i.e.AbstractTransferListenerAdapter - Downloaded https://maven.aliyun.com/repository/public/ch/qos/logback/logback-parent/1.2.3/logback-parent-1.2.3.pom
2026-07-27 18:59:25,806 [Worker-7: Updating Maven Project] INFO  o.e.m.c.i.e.AbstractTransferListenerAdapter - Downloading https://maven.aliyun.com/repository/public/ch/qos/logback/logback-core/1.2.3/logback-core-1.2.3.pom
2026-07-27 18:59:26,179 [Worker-7: Updating Maven Project] INFO  o.e.m.c.i.e.AbstractTransferListenerAdapter - Downloaded https://maven.aliyun.com/repository/public/ch/qos/logback/logback-core/1.2.3/logback-core-1.2.3.pom
2026-07-27 18:59:26,199 [Worker-7: Updating Maven Project] INFO  o.e.m.c.i.e.AbstractTransferListenerAdapter - Downloading https://maven.aliyun.com/repository/public/org/slf4j/slf4j-api/1.7.30/slf4j-api-1.7.30.pom
2026-07-27 18:59:26,234 [Worker-7: Updating Maven Project] INFO  o.e.m.c.i.e.AbstractTransferListenerAdapter - Downloaded https://maven.aliyun.com/repository/public/org/slf4j/slf4j-api/1.7.30/slf4j-api-1.7.30.pom
2026-07-27 18:59:26,256 [Worker-7: Updating Maven Project] INFO  o.e.m.c.i.e.AbstractTransferListenerAdapter - Downloading https://maven.aliyun.com/repository/public/org/slf4j/slf4j-parent/1.7.30/slf4j-parent-1.7.30.pom
2026-07-27 18:59:26,314 [Worker-7: Updating Maven Project] INFO  o.e.m.c.i.e.AbstractTransferListenerAdapter - Downloaded https://maven.aliyun.com/repository/public/org/slf4j/slf4j-parent/1.7.30/slf4j-parent-1.7.30.pom
2026-07-27 18:59:26,359 [Worker-7: Updating Maven Project] INFO  o.e.m.c.i.e.AbstractTransferListenerAdapter - Downloading https://maven.aliyun.com/repository/public/org/apache/logging/log4j/log4j-to-slf4j/2.13.2/log4j-to-slf4j-2.13.2.pom
2026-07-27 18:59:26,696 [Worker-7: Updating Maven Project] INFO  o.e.m.c.i.e.AbstractTransferListenerAdapter - Downloaded https://maven.aliyun.com/repository/public/org/apache/logging/log4j/log4j-to-slf4j/2.13.2/log4j-to-slf4j-2.13.2.pom
2026-07-27 18:59:26,744 [Worker-7: Updating Maven Project] INFO  o.e.m.c.i.e.AbstractTransferListenerAdapter - Downloading https://maven.aliyun.com/repository/public/org/apache/logging/log4j/log4j/2.13.2/log4j-2.13.2.pom
2026-07-27 18:59:27,079 [Worker-7: Updating Maven Project] INFO  o.e.m.c.i.e.AbstractTransferListenerAdapter - Downloaded https://maven.aliyun.com/repository/public/org/apache/logging/log4j/log4j/2.13.2/log4j-2.13.2.pom
2026-07-27 18:59:27,177 [Worker-7: Updating Maven Project] INFO  o.e.m.c.i.e.AbstractTransferListenerAdapter - Downloading https://maven.aliyun.com/repository/public/org/apache/logging/log4j/log4j-api/2.13.2/log4j-api-2.13.2.pom
2026-07-27 18:59:27,507 [Worker-7: Updating Maven Project] INFO  o.e.m.c.i.e.AbstractTransferListenerAdapter - Downloaded https://maven.aliyun.com/repository/public/org/apache/logging/log4j/log4j-api/2.13.2/log4j-api-2.13.2.pom
2026-07-27 18:59:27,539 [Worker-7: Updating Maven Project] INFO  o.e.m.c.i.e.AbstractTransferListenerAdapter - Downloading https://maven.aliyun.com/repository/public/org/slf4j/jul-to-slf4j/1.7.30/jul-to-slf4j-1.7.30.pom
2026-07-27 18:59:27,573 [Worker-7: Updating Maven Project] INFO  o.e.m.c.i.e.AbstractTransferListenerAdapter - Downloaded https://maven.aliyun.com/repository/public/org/slf4j/jul-to-slf4j/1.7.30/jul-to-slf4j-1.7.30.pom
2026-07-27 18:59:27,599 [Worker-7: Updating Maven Project] INFO  o.e.m.c.i.e.AbstractTransferListenerAdapter - Downloading https://maven.aliyun.com/repository/public/jakarta/annotation/jakarta.annotation-api/1.3.5/jakarta.annotation-api-1.3.5.pom
2026-07-27 18:59:27,615 [Worker-7: Updating Maven Project] INFO  o.e.m.c.i.e.AbstractTransferListenerAdapter - Downloaded https://maven.aliyun.com/repository/public/jakarta/annotation/jakarta.annotation-api/1.3.5/jakarta.annotation-api-1.3.5.pom
2026-07-27 18:59:27,640 [Worker-7: Updating Maven Project] INFO  o.e.m.c.i.e.AbstractTransferListenerAdapter - Downloading https://maven.aliyun.com/repository/public/jakarta/annotation/ca-parent/1.3.5/ca-parent-1.3.5.pom
2026-07-27 18:59:27,656 [Worker-7: Updating Maven Project] INFO  o.e.m.c.i.e.AbstractTransferListenerAdapter - Downloaded https://maven.aliyun.com/repository/public/jakarta/annotation/ca-parent/1.3.5/ca-parent-1.3.5.pom
2026-07-27 18:59:27,702 [Worker-7: Updating Maven Project] INFO  o.e.m.c.i.e.AbstractTransferListenerAdapter - Downloading https://maven.aliyun.com/repository/public/org/yaml/snakeyaml/1.26/snakeyaml-1.26.pom
2026-07-27 18:59:28,053 [Worker-7: Updating Maven Project] INFO  o.e.m.c.i.e.AbstractTransferListenerAdapter - Downloaded https://maven.aliyun.com/repository/public/org/yaml/snakeyaml/1.26/snakeyaml-1.26.pom
2026-07-27 18:59:28,412 [Worker-7: Updating Maven Project] INFO  o.e.m.c.i.e.AbstractTransferListenerAdapter - Downloading https://maven.aliyun.com/repository/public/org/springframework/boot/spring-boot-starter-json/2.3.0.RELEASE/spring-boot-starter-json-2.3.0.RELEASE.pom
2026-07-27 18:59:28,721 [Worker-7: Updating Maven Project] INFO  o.e.m.c.i.e.AbstractTransferListenerAdapter - Downloaded https://maven.aliyun.com/repository/public/org/springframework/boot/spring-boot-starter-json/2.3.0.RELEASE/spring-boot-starter-json-2.3.0.RELEASE.pom
2026-07-27 18:59:28,746 [Worker-7: Updating Maven Project] INFO  o.e.m.c.i.e.AbstractTransferListenerAdapter - Downloading https://maven.aliyun.com/repository/public/org/springframework/spring-web/5.2.6.RELEASE/spring-web-5.2.6.RELEASE.pom
2026-07-27 18:59:29,091 [Worker-7: Updating Maven Project] INFO  o.e.m.c.i.e.AbstractTransferListenerAdapter - Downloaded https://maven.aliyun.com/repository/public/org/springframework/spring-web/5.2.6.RELEASE/spring-web-5.2.6.RELEASE.pom
2026-07-27 18:59:29,127 [Worker-7: Updating Maven Project] INFO  o.e.m.c.i.e.AbstractTransferListenerAdapter - Downloading https://maven.aliyun.com/repository/public/com/fasterxml/jackson/core/jackson-databind/2.11.0/jackson-databind-2.11.0.pom
2026-07-27 18:59:29,155 [Worker-7: Updating Maven Project] INFO  o.e.m.c.i.e.AbstractTransferListenerAdapter - Downloaded https://maven.aliyun.com/repository/public/com/fasterxml/jackson/core/jackson-databind/2.11.0/jackson-databind-2.11.0.pom
2026-07-27 18:59:29,225 [Worker-7: Updating Maven Project] INFO  o.e.m.c.i.e.AbstractTransferListenerAdapter - Downloading https://maven.aliyun.com/repository/public/com/fasterxml/jackson/jackson-base/2.11.0/jackson-base-2.11.0.pom
2026-07-27 18:59:29,526 [Worker-7: Updating Maven Project] INFO  o.e.m.c.i.e.AbstractTransferListenerAdapter - Downloaded https://maven.aliyun.com/repository/public/com/fasterxml/jackson/jackson-base/2.11.0/jackson-base-2.11.0.pom
2026-07-27 18:59:29,579 [Worker-7: Updating Maven Project] INFO  o.e.m.c.i.e.AbstractTransferListenerAdapter - Downloading https://maven.aliyun.com/repository/public/com/fasterxml/jackson/core/jackson-annotations/2.11.0/jackson-annotations-2.11.0.pom
2026-07-27 18:59:29,601 [Worker-7: Updating Maven Project] INFO  o.e.m.c.i.e.AbstractTransferListenerAdapter - Downloaded https://maven.aliyun.com/repository/public/com/fasterxml/jackson/core/jackson-annotations/2.11.0/jackson-annotations-2.11.0.pom
2026-07-27 18:59:29,625 [Worker-7: Updating Maven Project] INFO  o.e.m.c.i.e.AbstractTransferListenerAdapter - Downloading https://maven.aliyun.com/repository/public/com/fasterxml/jackson/core/jackson-core/2.11.0/jackson-core-2.11.0.pom
2026-07-27 18:59:29,959 [Worker-7: Updating Maven Project] INFO  o.e.m.c.i.e.AbstractTransferListenerAdapter - Downloaded https://maven.aliyun.com/repository/public/com/fasterxml/jackson/core/jackson-core/2.11.0/jackson-core-2.11.0.pom
2026-07-27 18:59:29,999 [Worker-7: Updating Maven Project] INFO  o.e.m.c.i.e.AbstractTransferListenerAdapter - Downloading https://maven.aliyun.com/repository/public/com/fasterxml/jackson/datatype/jackson-datatype-jdk8/2.11.0/jackson-datatype-jdk8-2.11.0.pom
2026-07-27 18:59:30,321 [Worker-7: Updating Maven Project] INFO  o.e.m.c.i.e.AbstractTransferListenerAdapter - Downloaded https://maven.aliyun.com/repository/public/com/fasterxml/jackson/datatype/jackson-datatype-jdk8/2.11.0/jackson-datatype-jdk8-2.11.0.pom
2026-07-27 18:59:30,688 [Worker-7: Updating Maven Project] INFO  o.e.m.c.i.e.AbstractTransferListenerAdapter - Downloading https://maven.aliyun.com/repository/public/com/fasterxml/jackson/module/jackson-modules-java8/2.11.0/jackson-modules-java8-2.11.0.pom
2026-07-27 18:59:30,957 [Worker-7: Updating Maven Project] INFO  o.e.m.c.i.e.AbstractTransferListenerAdapter - Downloaded https://maven.aliyun.com/repository/public/com/fasterxml/jackson/module/jackson-modules-java8/2.11.0/jackson-modules-java8-2.11.0.pom
2026-07-27 18:59:31,007 [Worker-7: Updating Maven Project] INFO  o.e.m.c.i.e.AbstractTransferListenerAdapter - Downloading https://maven.aliyun.com/repository/public/com/fasterxml/jackson/datatype/jackson-datatype-jsr310/2.11.0/jackson-datatype-jsr310-2.11.0.pom
2026-07-27 18:59:31,040 [Worker-7: Updating Maven Project] INFO  o.e.m.c.i.e.AbstractTransferListenerAdapter - Downloaded https://maven.aliyun.com/repository/public/com/fasterxml/jackson/datatype/jackson-datatype-jsr310/2.11.0/jackson-datatype-jsr310-2.11.0.pom
2026-07-27 18:59:31,085 [Worker-7: Updating Maven Project] INFO  o.e.m.c.i.e.AbstractTransferListenerAdapter - Downloading https://maven.aliyun.com/repository/public/com/fasterxml/jackson/module/jackson-module-parameter-names/2.11.0/jackson-module-parameter-names-2.11.0.pom
2026-07-27 18:59:31,119 [Worker-7: Updating Maven Project] INFO  o.e.m.c.i.e.AbstractTransferListenerAdapter - Downloaded https://maven.aliyun.com/repository/public/com/fasterxml/jackson/module/jackson-module-parameter-names/2.11.0/jackson-module-parameter-names-2.11.0.pom
2026-07-27 18:59:31,166 [Worker-7: Updating Maven Project] INFO  o.e.m.c.i.e.AbstractTransferListenerAdapter - Downloading https://maven.aliyun.com/repository/public/org/springframework/boot/spring-boot-starter-tomcat/2.3.0.RELEASE/spring-boot-starter-tomcat-2.3.0.RELEASE.pom
2026-07-27 18:59:31,239 [Worker-7: Updating Maven Project] INFO  o.e.m.c.i.e.AbstractTransferListenerAdapter - Downloaded https://maven.aliyun.com/repository/public/org/springframework/boot/spring-boot-starter-tomcat/2.3.0.RELEASE/spring-boot-starter-tomcat-2.3.0.RELEASE.pom
2026-07-27 18:59:31,310 [Worker-7: Updating Maven Project] INFO  o.e.m.c.i.e.AbstractTransferListenerAdapter - Downloading https://maven.aliyun.com/repository/public/org/apache/tomcat/embed/tomcat-embed-core/9.0.35/tomcat-embed-core-9.0.35.pom
2026-07-27 18:59:31,639 [Worker-7: Updating Maven Project] INFO  o.e.m.c.i.e.AbstractTransferListenerAdapter - Downloaded https://maven.aliyun.com/repository/public/org/apache/tomcat/embed/tomcat-embed-core/9.0.35/tomcat-embed-core-9.0.35.pom
2026-07-27 18:59:31,664 [Worker-7: Updating Maven Project] INFO  o.e.m.c.i.e.AbstractTransferListenerAdapter - Downloading https://maven.aliyun.com/repository/public/org/glassfish/jakarta.el/3.0.3/jakarta.el-3.0.3.pom
2026-07-27 18:59:32,064 [Worker-7: Updating Maven Project] INFO  o.e.m.c.i.e.AbstractTransferListenerAdapter - Downloaded https://maven.aliyun.com/repository/public/org/glassfish/jakarta.el/3.0.3/jakarta.el-3.0.3.pom
2026-07-27 18:59:32,109 [Worker-7: Updating Maven Project] INFO  o.e.m.c.i.e.AbstractTransferListenerAdapter - Downloading https://maven.aliyun.com/repository/public/org/apache/tomcat/embed/tomcat-embed-websocket/9.0.35/tomcat-embed-websocket-9.0.35.pom
2026-07-27 18:59:32,346 [Worker-7: Updating Maven Project] INFO  o.e.m.c.i.e.AbstractTransferListenerAdapter - Downloaded https://maven.aliyun.com/repository/public/org/apache/tomcat/embed/tomcat-embed-websocket/9.0.35/tomcat-embed-websocket-9.0.35.pom
2026-07-27 18:59:32,375 [Worker-7: Updating Maven Project] INFO  o.e.m.c.i.e.AbstractTransferListenerAdapter - Downloading https://maven.aliyun.com/repository/public/org/springframework/spring-webmvc/5.2.6.RELEASE/spring-webmvc-5.2.6.RELEASE.pom
2026-07-27 18:59:32,700 [Worker-7: Updating Maven Project] INFO  o.e.m.c.i.e.AbstractTransferListenerAdapter - Downloaded https://maven.aliyun.com/repository/public/org/springframework/spring-webmvc/5.2.6.RELEASE/spring-webmvc-5.2.6.RELEASE.pom
2026-07-27 18:59:32,770 [Worker-7: Updating Maven Project] INFO  o.e.m.c.i.e.AbstractTransferListenerAdapter - Downloading https://maven.aliyun.com/repository/public/org/springframework/boot/spring-boot-starter-freemarker/2.3.0.RELEASE/spring-boot-starter-freemarker-2.3.0.RELEASE.pom
2026-07-27 18:59:33,130 [Worker-7: Updating Maven Project] INFO  o.e.m.c.i.e.AbstractTransferListenerAdapter - Downloaded https://maven.aliyun.com/repository/public/org/springframework/boot/spring-boot-starter-freemarker/2.3.0.RELEASE/spring-boot-starter-freemarker-2.3.0.RELEASE.pom
2026-07-27 18:59:33,258 [Worker-7: Updating Maven Project] INFO  o.e.m.c.i.e.AbstractTransferListenerAdapter - Downloading https://maven.aliyun.com/repository/public/org/freemarker/freemarker/2.3.30/freemarker-2.3.30.pom
2026-07-27 18:59:33,337 [Worker-7: Updating Maven Project] INFO  o.e.m.c.i.e.AbstractTransferListenerAdapter - Downloaded https://maven.aliyun.com/repository/public/org/freemarker/freemarker/2.3.30/freemarker-2.3.30.pom
2026-07-27 18:59:33,392 [Worker-7: Updating Maven Project] INFO  o.e.m.c.i.e.AbstractTransferListenerAdapter - Downloading https://maven.aliyun.com/repository/public/org/apache/apache/17/apache-17.pom
2026-07-27 18:59:33,448 [Worker-7: Updating Maven Project] INFO  o.e.m.c.i.e.AbstractTransferListenerAdapter - Downloaded https://maven.aliyun.com/repository/public/org/apache/apache/17/apache-17.pom
2026-07-27 18:59:33,483 [Worker-7: Updating Maven Project] INFO  o.e.m.c.i.e.AbstractTransferListenerAdapter - Downloading https://maven.aliyun.com/repository/public/org/springframework/spring-context-support/5.2.6.RELEASE/spring-context-support-5.2.6.RELEASE.pom
2026-07-27 18:59:33,842 [Worker-7: Updating Maven Project] INFO  o.e.m.c.i.e.AbstractTransferListenerAdapter - Downloaded https://maven.aliyun.com/repository/public/org/springframework/spring-context-support/5.2.6.RELEASE/spring-context-support-5.2.6.RELEASE.pom
2026-07-27 18:59:33,884 [Worker-7: Updating Maven Project] INFO  o.e.m.c.i.e.AbstractTransferListenerAdapter - Downloading https://maven.aliyun.com/repository/public/com/google/code/gson/gson/2.8.5/gson-2.8.5.pom
2026-07-27 18:59:33,938 [Worker-7: Updating Maven Project] INFO  o.e.m.c.i.e.AbstractTransferListenerAdapter - Downloaded https://maven.aliyun.com/repository/public/com/google/code/gson/gson/2.8.5/gson-2.8.5.pom
2026-07-27 18:59:33,988 [Worker-7: Updating Maven Project] INFO  o.e.m.c.i.e.AbstractTransferListenerAdapter - Downloading https://maven.aliyun.com/repository/public/com/google/code/gson/gson-parent/2.8.5/gson-parent-2.8.5.pom
2026-07-27 18:59:34,027 [Worker-7: Updating Maven Project] INFO  o.e.m.c.i.e.AbstractTransferListenerAdapter - Downloaded https://maven.aliyun.com/repository/public/com/google/code/gson/gson-parent/2.8.5/gson-parent-2.8.5.pom
2026-07-27 18:59:34,373 [Worker-7: Updating Maven Project] INFO  o.e.m.c.i.e.AbstractTransferListenerAdapter - Downloading https://maven.aliyun.com/repository/public/org/springframework/boot/spring-boot-starter-test/2.3.0.RELEASE/spring-boot-starter-test-2.3.0.RELEASE.pom
2026-07-27 18:59:34,403 [Worker-7: Updating Maven Project] INFO  o.e.m.c.i.e.AbstractTransferListenerAdapter - Downloaded https://maven.aliyun.com/repository/public/org/springframework/boot/spring-boot-starter-test/2.3.0.RELEASE/spring-boot-starter-test-2.3.0.RELEASE.pom
2026-07-27 18:59:34,460 [Worker-7: Updating Maven Project] INFO  o.e.m.c.i.e.AbstractTransferListenerAdapter - Downloading https://maven.aliyun.com/repository/public/org/springframework/boot/spring-boot-test/2.3.0.RELEASE/spring-boot-test-2.3.0.RELEASE.pom
2026-07-27 18:59:34,499 [Worker-7: Updating Maven Project] INFO  o.e.m.c.i.e.AbstractTransferListenerAdapter - Downloaded https://maven.aliyun.com/repository/public/org/springframework/boot/spring-boot-test/2.3.0.RELEASE/spring-boot-test-2.3.0.RELEASE.pom
2026-07-27 18:59:34,543 [Worker-7: Updating Maven Project] INFO  o.e.m.c.i.e.AbstractTransferListenerAdapter - Downloading https://maven.aliyun.com/repository/public/org/springframework/boot/spring-boot-test-autoconfigure/2.3.0.RELEASE/spring-boot-test-autoconfigure-2.3.0.RELEASE.pom
2026-07-27 18:59:34,572 [Worker-7: Updating Maven Project] INFO  o.e.m.c.i.e.AbstractTransferListenerAdapter - Downloaded https://maven.aliyun.com/repository/public/org/springframework/boot/spring-boot-test-autoconfigure/2.3.0.RELEASE/spring-boot-test-autoconfigure-2.3.0.RELEASE.pom
2026-07-27 18:59:34,603 [Worker-7: Updating Maven Project] INFO  o.e.m.c.i.e.AbstractTransferListenerAdapter - Downloading https://maven.aliyun.com/repository/public/com/jayway/jsonpath/json-path/2.4.0/json-path-2.4.0.pom
2026-07-27 18:59:34,643 [Worker-7: Updating Maven Project] INFO  o.e.m.c.i.e.AbstractTransferListenerAdapter - Downloaded https://maven.aliyun.com/repository/public/com/jayway/jsonpath/json-path/2.4.0/json-path-2.4.0.pom
2026-07-27 18:59:34,668 [Worker-7: Updating Maven Project] INFO  o.e.m.c.i.e.AbstractTransferListenerAdapter - Downloading https://maven.aliyun.com/repository/public/net/minidev/json-smart/2.3/json-smart-2.3.pom
2026-07-27 18:59:34,711 [Worker-7: Updating Maven Project] INFO  o.e.m.c.i.e.AbstractTransferListenerAdapter - Downloaded https://maven.aliyun.com/repository/public/net/minidev/json-smart/2.3/json-smart-2.3.pom
2026-07-27 18:59:34,735 [Worker-7: Updating Maven Project] INFO  o.e.m.c.i.e.AbstractTransferListenerAdapter - Downloading https://maven.aliyun.com/repository/public/net/minidev/minidev-parent/2.3/minidev-parent-2.3.pom
2026-07-27 18:59:35,054 [Worker-7: Updating Maven Project] INFO  o.e.m.c.i.e.AbstractTransferListenerAdapter - Downloaded https://maven.aliyun.com/repository/public/net/minidev/minidev-parent/2.3/minidev-parent-2.3.pom
2026-07-27 18:59:35,096 [Worker-7: Updating Maven Project] INFO  o.e.m.c.i.e.AbstractTransferListenerAdapter - Downloading https://maven.aliyun.com/repository/public/net/minidev/accessors-smart/1.2/accessors-smart-1.2.pom
2026-07-27 18:59:35,132 [Worker-7: Updating Maven Project] INFO  o.e.m.c.i.e.AbstractTransferListenerAdapter - Downloaded https://maven.aliyun.com/repository/public/net/minidev/accessors-smart/1.2/accessors-smart-1.2.pom
2026-07-27 18:59:35,155 [Worker-7: Updating Maven Project] INFO  o.e.m.c.i.e.AbstractTransferListenerAdapter - Downloading https://maven.aliyun.com/repository/public/org/ow2/asm/asm/5.0.4/asm-5.0.4.pom
2026-07-27 18:59:35,194 [Worker-7: Updating Maven Project] INFO  o.e.m.c.i.e.AbstractTransferListenerAdapter - Downloaded https://maven.aliyun.com/repository/public/org/ow2/asm/asm/5.0.4/asm-5.0.4.pom
2026-07-27 18:59:35,219 [Worker-7: Updating Maven Project] INFO  o.e.m.c.i.e.AbstractTransferListenerAdapter - Downloading https://maven.aliyun.com/repository/public/org/ow2/asm/asm-parent/5.0.4/asm-parent-5.0.4.pom
2026-07-27 18:59:35,256 [Worker-7: Updating Maven Project] INFO  o.e.m.c.i.e.AbstractTransferListenerAdapter - Downloaded https://maven.aliyun.com/repository/public/org/ow2/asm/asm-parent/5.0.4/asm-parent-5.0.4.pom
2026-07-27 18:59:35,277 [Worker-7: Updating Maven Project] INFO  o.e.m.c.i.e.AbstractTransferListenerAdapter - Downloading https://maven.aliyun.com/repository/public/org/ow2/ow2/1.3/ow2-1.3.pom
2026-07-27 18:59:35,316 [Worker-7: Updating Maven Project] INFO  o.e.m.c.i.e.AbstractTransferListenerAdapter - Downloaded https://maven.aliyun.com/repository/public/org/ow2/ow2/1.3/ow2-1.3.pom
2026-07-27 18:59:35,355 [Worker-7: Updating Maven Project] INFO  o.e.m.c.i.e.AbstractTransferListenerAdapter - Downloading https://maven.aliyun.com/repository/public/jakarta/xml/bind/jakarta.xml.bind-api/2.3.3/jakarta.xml.bind-api-2.3.3.pom
2026-07-27 18:59:35,373 [Worker-7: Updating Maven Project] INFO  o.e.m.c.i.e.AbstractTransferListenerAdapter - Downloaded https://maven.aliyun.com/repository/public/jakarta/xml/bind/jakarta.xml.bind-api/2.3.3/jakarta.xml.bind-api-2.3.3.pom
2026-07-27 18:59:35,404 [Worker-7: Updating Maven Project] INFO  o.e.m.c.i.e.AbstractTransferListenerAdapter - Downloading https://maven.aliyun.com/repository/public/jakarta/xml/bind/jakarta.xml.bind-api-parent/2.3.3/jakarta.xml.bind-api-parent-2.3.3.pom
2026-07-27 18:59:35,443 [Worker-7: Updating Maven Project] INFO  o.e.m.c.i.e.AbstractTransferListenerAdapter - Downloaded https://maven.aliyun.com/repository/public/jakarta/xml/bind/jakarta.xml.bind-api-parent/2.3.3/jakarta.xml.bind-api-parent-2.3.3.pom
2026-07-27 18:59:35,466 [Worker-7: Updating Maven Project] INFO  o.e.m.c.i.e.AbstractTransferListenerAdapter - Downloading https://maven.aliyun.com/repository/public/org/eclipse/ee4j/project/1.0.6/project-1.0.6.pom
2026-07-27 18:59:35,483 [Worker-7: Updating Maven Project] INFO  o.e.m.c.i.e.AbstractTransferListenerAdapter - Downloaded https://maven.aliyun.com/repository/public/org/eclipse/ee4j/project/1.0.6/project-1.0.6.pom
2026-07-27 18:59:35,531 [Worker-7: Updating Maven Project] INFO  o.e.m.c.i.e.AbstractTransferListenerAdapter - Downloading https://maven.aliyun.com/repository/public/jakarta/activation/jakarta.activation-api/1.2.2/jakarta.activation-api-1.2.2.pom
2026-07-27 18:59:35,547 [Worker-7: Updating Maven Project] INFO  o.e.m.c.i.e.AbstractTransferListenerAdapter - Downloaded https://maven.aliyun.com/repository/public/jakarta/activation/jakarta.activation-api/1.2.2/jakarta.activation-api-1.2.2.pom
2026-07-27 18:59:35,578 [Worker-7: Updating Maven Project] INFO  o.e.m.c.i.e.AbstractTransferListenerAdapter - Downloading https://maven.aliyun.com/repository/public/com/sun/activation/all/1.2.2/all-1.2.2.pom
2026-07-27 18:59:35,596 [Worker-7: Updating Maven Project] INFO  o.e.m.c.i.e.AbstractTransferListenerAdapter - Downloaded https://maven.aliyun.com/repository/public/com/sun/activation/all/1.2.2/all-1.2.2.pom
2026-07-27 18:59:35,640 [Worker-7: Updating Maven Project] INFO  o.e.m.c.i.e.AbstractTransferListenerAdapter - Downloading https://maven.aliyun.com/repository/public/org/assertj/assertj-core/3.16.1/assertj-core-3.16.1.pom
2026-07-27 18:59:35,846 [Worker-7: Updating Maven Project] INFO  o.e.m.c.i.e.AbstractTransferListenerAdapter - Downloaded https://maven.aliyun.com/repository/public/org/assertj/assertj-core/3.16.1/assertj-core-3.16.1.pom
2026-07-27 18:59:35,915 [Worker-7: Updating Maven Project] INFO  o.e.m.c.i.e.AbstractTransferListenerAdapter - Downloading https://maven.aliyun.com/repository/public/org/assertj/assertj-parent-pom/2.2.7/assertj-parent-pom-2.2.7.pom
2026-07-27 18:59:36,258 [Worker-7: Updating Maven Project] INFO  o.e.m.c.i.e.AbstractTransferListenerAdapter - Downloaded https://maven.aliyun.com/repository/public/org/assertj/assertj-parent-pom/2.2.7/assertj-parent-pom-2.2.7.pom
2026-07-27 18:59:36,288 [Worker-7: Updating Maven Project] INFO  o.e.m.c.i.e.AbstractTransferListenerAdapter - Downloading https://maven.aliyun.com/repository/public/org/hamcrest/hamcrest/2.2/hamcrest-2.2.pom
2026-07-27 18:59:36,307 [Worker-7: Updating Maven Project] INFO  o.e.m.c.i.e.AbstractTransferListenerAdapter - Downloaded https://maven.aliyun.com/repository/public/org/hamcrest/hamcrest/2.2/hamcrest-2.2.pom
2026-07-27 18:59:36,347 [Worker-7: Updating Maven Project] INFO  o.e.m.c.i.e.AbstractTransferListenerAdapter - Downloading https://maven.aliyun.com/repository/public/org/junit/jupiter/junit-jupiter/5.6.2/junit-jupiter-5.6.2.pom
2026-07-27 18:59:36,376 [Worker-7: Updating Maven Project] INFO  o.e.m.c.i.e.AbstractTransferListenerAdapter - Downloaded https://maven.aliyun.com/repository/public/org/junit/jupiter/junit-jupiter/5.6.2/junit-jupiter-5.6.2.pom
2026-07-27 18:59:36,400 [Worker-7: Updating Maven Project] INFO  o.e.m.c.i.e.AbstractTransferListenerAdapter - Downloading https://maven.aliyun.com/repository/public/org/junit/jupiter/junit-jupiter-api/5.6.2/junit-jupiter-api-5.6.2.pom
2026-07-27 18:59:36,559 [Worker-7: Updating Maven Project] INFO  o.e.m.c.i.e.AbstractTransferListenerAdapter - Downloaded https://maven.aliyun.com/repository/public/org/junit/jupiter/junit-jupiter-api/5.6.2/junit-jupiter-api-5.6.2.pom
2026-07-27 18:59:36,585 [Worker-7: Updating Maven Project] INFO  o.e.m.c.i.e.AbstractTransferListenerAdapter - Downloading https://maven.aliyun.com/repository/public/org/apiguardian/apiguardian-api/1.1.0/apiguardian-api-1.1.0.pom
2026-07-27 18:59:36,637 [Worker-7: Updating Maven Project] INFO  o.e.m.c.i.e.AbstractTransferListenerAdapter - Downloaded https://maven.aliyun.com/repository/public/org/apiguardian/apiguardian-api/1.1.0/apiguardian-api-1.1.0.pom
2026-07-27 18:59:36,662 [Worker-7: Updating Maven Project] INFO  o.e.m.c.i.e.AbstractTransferListenerAdapter - Downloading https://maven.aliyun.com/repository/public/org/opentest4j/opentest4j/1.2.0/opentest4j-1.2.0.pom
2026-07-27 18:59:36,698 [Worker-7: Updating Maven Project] INFO  o.e.m.c.i.e.AbstractTransferListenerAdapter - Downloaded https://maven.aliyun.com/repository/public/org/opentest4j/opentest4j/1.2.0/opentest4j-1.2.0.pom
2026-07-27 18:59:36,726 [Worker-7: Updating Maven Project] INFO  o.e.m.c.i.e.AbstractTransferListenerAdapter - Downloading https://maven.aliyun.com/repository/public/org/junit/platform/junit-platform-commons/1.6.2/junit-platform-commons-1.6.2.pom
2026-07-27 18:59:36,764 [Worker-7: Updating Maven Project] INFO  o.e.m.c.i.e.AbstractTransferListenerAdapter - Downloaded https://maven.aliyun.com/repository/public/org/junit/platform/junit-platform-commons/1.6.2/junit-platform-commons-1.6.2.pom
2026-07-27 18:59:36,816 [Worker-7: Updating Maven Project] INFO  o.e.m.c.i.e.AbstractTransferListenerAdapter - Downloading https://maven.aliyun.com/repository/public/org/junit/jupiter/junit-jupiter-params/5.6.2/junit-jupiter-params-5.6.2.pom
2026-07-27 18:59:36,855 [Worker-7: Updating Maven Project] INFO  o.e.m.c.i.e.AbstractTransferListenerAdapter - Downloaded https://maven.aliyun.com/repository/public/org/junit/jupiter/junit-jupiter-params/5.6.2/junit-jupiter-params-5.6.2.pom
2026-07-27 18:59:36,885 [Worker-7: Updating Maven Project] INFO  o.e.m.c.i.e.AbstractTransferListenerAdapter - Downloading https://maven.aliyun.com/repository/public/org/junit/jupiter/junit-jupiter-engine/5.6.2/junit-jupiter-engine-5.6.2.pom
2026-07-27 18:59:37,302 [Worker-7: Updating Maven Project] INFO  o.e.m.c.i.e.AbstractTransferListenerAdapter - Downloaded https://maven.aliyun.com/repository/public/org/junit/jupiter/junit-jupiter-engine/5.6.2/junit-jupiter-engine-5.6.2.pom
2026-07-27 18:59:37,330 [Worker-7: Updating Maven Project] INFO  o.e.m.c.i.e.AbstractTransferListenerAdapter - Downloading https://maven.aliyun.com/repository/public/org/junit/platform/junit-platform-engine/1.6.2/junit-platform-engine-1.6.2.pom
2026-07-27 18:59:37,662 [Worker-7: Updating Maven Project] INFO  o.e.m.c.i.e.AbstractTransferListenerAdapter - Downloaded https://maven.aliyun.com/repository/public/org/junit/platform/junit-platform-engine/1.6.2/junit-platform-engine-1.6.2.pom
2026-07-27 18:59:37,719 [Worker-7: Updating Maven Project] INFO  o.e.m.c.i.e.AbstractTransferListenerAdapter - Downloading https://maven.aliyun.com/repository/public/org/junit/vintage/junit-vintage-engine/5.6.2/junit-vintage-engine-5.6.2.pom
2026-07-27 18:59:38,007 [Worker-7: Updating Maven Project] INFO  o.e.m.c.i.e.AbstractTransferListenerAdapter - Downloaded https://maven.aliyun.com/repository/public/org/junit/vintage/junit-vintage-engine/5.6.2/junit-vintage-engine-5.6.2.pom
2026-07-27 18:59:38,034 [Worker-7: Updating Maven Project] INFO  o.e.m.c.i.e.AbstractTransferListenerAdapter - Downloading https://maven.aliyun.com/repository/public/junit/junit/4.13/junit-4.13.pom
2026-07-27 18:59:38,080 [Worker-7: Updating Maven Project] INFO  o.e.m.c.i.e.AbstractTransferListenerAdapter - Downloaded https://maven.aliyun.com/repository/public/junit/junit/4.13/junit-4.13.pom
2026-07-27 18:59:38,164 [Worker-7: Updating Maven Project] INFO  o.e.m.c.i.e.AbstractTransferListenerAdapter - Downloading https://maven.aliyun.com/repository/public/org/mockito/mockito-core/3.3.3/mockito-core-3.3.3.pom
2026-07-27 18:59:38,486 [Worker-7: Updating Maven Project] INFO  o.e.m.c.i.e.AbstractTransferListenerAdapter - Downloaded https://maven.aliyun.com/repository/public/org/mockito/mockito-core/3.3.3/mockito-core-3.3.3.pom
2026-07-27 18:59:38,535 [Worker-7: Updating Maven Project] INFO  o.e.m.c.i.e.AbstractTransferListenerAdapter - Downloading https://maven.aliyun.com/repository/public/net/bytebuddy/byte-buddy/1.10.10/byte-buddy-1.10.10.pom
2026-07-27 18:59:38,843 [Worker-7: Updating Maven Project] INFO  o.e.m.c.i.e.AbstractTransferListenerAdapter - Downloaded https://maven.aliyun.com/repository/public/net/bytebuddy/byte-buddy/1.10.10/byte-buddy-1.10.10.pom
2026-07-27 18:59:38,886 [Worker-7: Updating Maven Project] INFO  o.e.m.c.i.e.AbstractTransferListenerAdapter - Downloading https://maven.aliyun.com/repository/public/net/bytebuddy/byte-buddy-parent/1.10.10/byte-buddy-parent-1.10.10.pom
2026-07-27 18:59:39,198 [Worker-7: Updating Maven Project] INFO  o.e.m.c.i.e.AbstractTransferListenerAdapter - Downloaded https://maven.aliyun.com/repository/public/net/bytebuddy/byte-buddy-parent/1.10.10/byte-buddy-parent-1.10.10.pom
2026-07-27 18:59:39,256 [Worker-7: Updating Maven Project] INFO  o.e.m.c.i.e.AbstractTransferListenerAdapter - Downloading https://maven.aliyun.com/repository/public/net/bytebuddy/byte-buddy-agent/1.10.10/byte-buddy-agent-1.10.10.pom
2026-07-27 18:59:39,550 [Worker-7: Updating Maven Project] INFO  o.e.m.c.i.e.AbstractTransferListenerAdapter - Downloaded https://maven.aliyun.com/repository/public/net/bytebuddy/byte-buddy-agent/1.10.10/byte-buddy-agent-1.10.10.pom
2026-07-27 18:59:39,578 [Worker-7: Updating Maven Project] INFO  o.e.m.c.i.e.AbstractTransferListenerAdapter - Downloading https://maven.aliyun.com/repository/public/org/objenesis/objenesis/2.6/objenesis-2.6.pom
2026-07-27 18:59:39,604 [Worker-7: Updating Maven Project] INFO  o.e.m.c.i.e.AbstractTransferListenerAdapter - Downloaded https://maven.aliyun.com/repository/public/org/objenesis/objenesis/2.6/objenesis-2.6.pom
2026-07-27 18:59:39,630 [Worker-7: Updating Maven Project] INFO  o.e.m.c.i.e.AbstractTransferListenerAdapter - Downloading https://maven.aliyun.com/repository/public/org/objenesis/objenesis-parent/2.6/objenesis-parent-2.6.pom
2026-07-27 18:59:39,681 [Worker-7: Updating Maven Project] INFO  o.e.m.c.i.e.AbstractTransferListenerAdapter - Downloaded https://maven.aliyun.com/repository/public/org/objenesis/objenesis-parent/2.6/objenesis-parent-2.6.pom
2026-07-27 18:59:39,717 [Worker-7: Updating Maven Project] INFO  o.e.m.c.i.e.AbstractTransferListenerAdapter - Downloading https://maven.aliyun.com/repository/public/org/mockito/mockito-junit-jupiter/3.3.3/mockito-junit-jupiter-3.3.3.pom
2026-07-27 18:59:40,049 [Worker-7: Updating Maven Project] INFO  o.e.m.c.i.e.AbstractTransferListenerAdapter - Downloaded https://maven.aliyun.com/repository/public/org/mockito/mockito-junit-jupiter/3.3.3/mockito-junit-jupiter-3.3.3.pom
2026-07-27 18:59:40,102 [Worker-7: Updating Maven Project] INFO  o.e.m.c.i.e.AbstractTransferListenerAdapter - Downloading https://maven.aliyun.com/repository/public/org/skyscreamer/jsonassert/1.5.0/jsonassert-1.5.0.pom
2026-07-27 18:59:40,419 [Worker-7: Updating Maven Project] INFO  o.e.m.c.i.e.AbstractTransferListenerAdapter - Downloaded https://maven.aliyun.com/repository/public/org/skyscreamer/jsonassert/1.5.0/jsonassert-1.5.0.pom
2026-07-27 18:59:40,459 [Worker-7: Updating Maven Project] INFO  o.e.m.c.i.e.AbstractTransferListenerAdapter - Downloading https://maven.aliyun.com/repository/public/com/vaadin/external/google/android-json/0.0.20131108.vaadin1/android-json-0.0.20131108.vaadin1.pom
2026-07-27 18:59:40,520 [Worker-7: Updating Maven Project] INFO  o.e.m.c.i.e.AbstractTransferListenerAdapter - Downloaded https://maven.aliyun.com/repository/public/com/vaadin/external/google/android-json/0.0.20131108.vaadin1/android-json-0.0.20131108.vaadin1.pom
2026-07-27 18:59:40,551 [Worker-7: Updating Maven Project] INFO  o.e.m.c.i.e.AbstractTransferListenerAdapter - Downloading https://maven.aliyun.com/repository/public/org/springframework/spring-test/5.2.6.RELEASE/spring-test-5.2.6.RELEASE.pom
2026-07-27 18:59:40,842 [Worker-7: Updating Maven Project] INFO  o.e.m.c.i.e.AbstractTransferListenerAdapter - Downloaded https://maven.aliyun.com/repository/public/org/springframework/spring-test/5.2.6.RELEASE/spring-test-5.2.6.RELEASE.pom
2026-07-27 18:59:40,870 [Worker-7: Updating Maven Project] INFO  o.e.m.c.i.e.AbstractTransferListenerAdapter - Downloading https://maven.aliyun.com/repository/public/org/xmlunit/xmlunit-core/2.7.0/xmlunit-core-2.7.0.pom
2026-07-27 18:59:41,187 [Worker-7: Updating Maven Project] INFO  o.e.m.c.i.e.AbstractTransferListenerAdapter - Downloaded https://maven.aliyun.com/repository/public/org/xmlunit/xmlunit-core/2.7.0/xmlunit-core-2.7.0.pom
2026-07-27 18:59:41,216 [Worker-7: Updating Maven Project] INFO  o.e.m.c.i.e.AbstractTransferListenerAdapter - Downloading https://maven.aliyun.com/repository/public/org/xmlunit/xmlunit-parent/2.7.0/xmlunit-parent-2.7.0.pom
2026-07-27 18:59:41,563 [Worker-7: Updating Maven Project] INFO  o.e.m.c.i.e.AbstractTransferListenerAdapter - Downloaded https://maven.aliyun.com/repository/public/org/xmlunit/xmlunit-parent/2.7.0/xmlunit-parent-2.7.0.pom
2026-07-27 18:59:41,611 [Worker-7: Updating Maven Project] INFO  o.e.m.c.i.e.AbstractTransferListenerAdapter - Downloading https://maven.aliyun.com/repository/public/org/projectlombok/lombok/1.18.12/lombok-1.18.12.pom
2026-07-27 18:59:41,682 [Worker-7: Updating Maven Project] INFO  o.e.m.c.i.e.AbstractTransferListenerAdapter - Downloaded https://maven.aliyun.com/repository/public/org/projectlombok/lombok/1.18.12/lombok-1.18.12.pom
2026-07-27 18:59:42,083 [Worker-7: Updating Maven Project] INFO  o.e.m.c.i.e.AbstractTransferListenerAdapter - Downloading https://maven.aliyun.com/repository/public/mysql/mysql-connector-java/8.0.20/mysql-connector-java-8.0.20.pom
2026-07-27 18:59:42,390 [Worker-7: Updating Maven Project] INFO  o.e.m.c.i.e.AbstractTransferListenerAdapter - Downloaded https://maven.aliyun.com/repository/public/mysql/mysql-connector-java/8.0.20/mysql-connector-java-8.0.20.pom
2026-07-27 18:59:42,482 [Worker-7: Updating Maven Project] INFO  o.e.m.c.i.e.AbstractTransferListenerAdapter - Downloading https://maven.aliyun.com/repository/public/com/github/pagehelper/pagehelper/5.1.10/pagehelper-5.1.10.pom
2026-07-27 18:59:42,738 [Worker-7: Updating Maven Project] INFO  o.e.m.c.i.e.AbstractTransferListenerAdapter - Downloaded https://maven.aliyun.com/repository/public/com/github/pagehelper/pagehelper/5.1.10/pagehelper-5.1.10.pom
2026-07-27 18:59:42,783 [Worker-7: Updating Maven Project] INFO  o.e.m.c.i.e.AbstractTransferListenerAdapter - Downloading https://maven.aliyun.com/repository/public/com/github/jsqlparser/jsqlparser/2.0/jsqlparser-2.0.pom
2026-07-27 18:59:43,087 [Worker-7: Updating Maven Project] INFO  o.e.m.c.i.e.AbstractTransferListenerAdapter - Downloaded https://maven.aliyun.com/repository/public/com/github/jsqlparser/jsqlparser/2.0/jsqlparser-2.0.pom
2026-07-27 18:59:43,123 [Worker-7: Updating Maven Project] INFO  o.e.m.c.i.e.AbstractTransferListenerAdapter - Downloading https://maven.aliyun.com/repository/public/com/github/jsqlparser/jsqlparser/2.1/jsqlparser-2.1.pom
2026-07-27 18:59:43,159 [Worker-7: Updating Maven Project] INFO  o.e.m.c.i.e.AbstractTransferListenerAdapter - Downloaded https://maven.aliyun.com/repository/public/com/github/jsqlparser/jsqlparser/2.1/jsqlparser-2.1.pom
2026-07-27 18:59:43,212 [Worker-7: Updating Maven Project] INFO  o.e.m.c.i.e.AbstractTransferListenerAdapter - Downloading https://maven.aliyun.com/repository/public/com/baomidou/mybatis-plus-boot-starter/3.2.0/mybatis-plus-boot-starter-3.2.0.pom
2026-07-27 18:59:43,247 [Worker-7: Updating Maven Project] INFO  o.e.m.c.i.e.AbstractTransferListenerAdapter - Downloaded https://maven.aliyun.com/repository/public/com/baomidou/mybatis-plus-boot-starter/3.2.0/mybatis-plus-boot-starter-3.2.0.pom
2026-07-27 18:59:43,339 [Worker-7: Updating Maven Project] INFO  o.e.m.c.i.e.AbstractTransferListenerAdapter - Downloading https://maven.aliyun.com/repository/public/org/springframework/boot/spring-boot-dependencies/2.1.6.RELEASE/spring-boot-dependencies-2.1.6.RELEASE.pom
2026-07-27 18:59:43,389 [Worker-7: Updating Maven Project] INFO  o.e.m.c.i.e.AbstractTransferListenerAdapter - Downloaded https://maven.aliyun.com/repository/public/org/springframework/boot/spring-boot-dependencies/2.1.6.RELEASE/spring-boot-dependencies-2.1.6.RELEASE.pom
2026-07-27 18:59:43,431 [Worker-7: Updating Maven Project] INFO  o.e.m.c.i.e.AbstractTransferListenerAdapter - Downloading https://maven.aliyun.com/repository/public/com/fasterxml/jackson/jackson-bom/2.9.9/jackson-bom-2.9.9.pom
2026-07-27 18:59:43,474 [Worker-7: Updating Maven Project] INFO  o.e.m.c.i.e.AbstractTransferListenerAdapter - Downloaded https://maven.aliyun.com/repository/public/com/fasterxml/jackson/jackson-bom/2.9.9/jackson-bom-2.9.9.pom
2026-07-27 18:59:43,669 [Worker-7: Updating Maven Project] INFO  o.e.m.c.i.e.AbstractTransferListenerAdapter - Downloading https://maven.aliyun.com/repository/public/com/fasterxml/jackson/jackson-parent/2.9.1.2/jackson-parent-2.9.1.2.pom
2026-07-27 18:59:43,706 [Worker-7: Updating Maven Project] INFO  o.e.m.c.i.e.AbstractTransferListenerAdapter - Downloaded https://maven.aliyun.com/repository/public/com/fasterxml/jackson/jackson-parent/2.9.1.2/jackson-parent-2.9.1.2.pom
2026-07-27 18:59:43,727 [Worker-7: Updating Maven Project] INFO  o.e.m.c.i.e.AbstractTransferListenerAdapter - Downloading https://maven.aliyun.com/repository/public/com/fasterxml/oss-parent/34/oss-parent-34.pom
2026-07-27 18:59:43,745 [Worker-7: Updating Maven Project] INFO  o.e.m.c.i.e.AbstractTransferListenerAdapter - Downloaded https://maven.aliyun.com/repository/public/com/fasterxml/oss-parent/34/oss-parent-34.pom
2026-07-27 18:59:43,771 [Worker-7: Updating Maven Project] INFO  o.e.m.c.i.e.AbstractTransferListenerAdapter - Downloading https://maven.aliyun.com/repository/public/io/netty/netty-bom/4.1.36.Final/netty-bom-4.1.36.Final.pom
2026-07-27 18:59:43,812 [Worker-7: Updating Maven Project] INFO  o.e.m.c.i.e.AbstractTransferListenerAdapter - Downloaded https://maven.aliyun.com/repository/public/io/netty/netty-bom/4.1.36.Final/netty-bom-4.1.36.Final.pom
2026-07-27 18:59:43,843 [Worker-7: Updating Maven Project] INFO  o.e.m.c.i.e.AbstractTransferListenerAdapter - Downloading https://maven.aliyun.com/repository/public/io/projectreactor/reactor-bom/Californium-SR9/reactor-bom-Californium-SR9.pom
2026-07-27 18:59:43,875 [Worker-7: Updating Maven Project] INFO  o.e.m.c.i.e.AbstractTransferListenerAdapter - Downloaded https://maven.aliyun.com/repository/public/io/projectreactor/reactor-bom/Californium-SR9/reactor-bom-Californium-SR9.pom
2026-07-27 18:59:43,899 [Worker-7: Updating Maven Project] INFO  o.e.m.c.i.e.AbstractTransferListenerAdapter - Downloading https://maven.aliyun.com/repository/public/org/apache/logging/log4j/log4j-bom/2.11.2/log4j-bom-2.11.2.pom
2026-07-27 18:59:43,930 [Worker-7: Updating Maven Project] INFO  o.e.m.c.i.e.AbstractTransferListenerAdapter - Downloaded https://maven.aliyun.com/repository/public/org/apache/logging/log4j/log4j-bom/2.11.2/log4j-bom-2.11.2.pom
2026-07-27 18:59:43,980 [Worker-7: Updating Maven Project] INFO  o.e.m.c.i.e.AbstractTransferListenerAdapter - Downloading https://maven.aliyun.com/repository/public/org/eclipse/jetty/jetty-bom/9.4.19.v20190610/jetty-bom-9.4.19.v20190610.pom
2026-07-27 18:59:44,029 [Worker-7: Updating Maven Project] INFO  o.e.m.c.i.e.AbstractTransferListenerAdapter - Downloaded https://maven.aliyun.com/repository/public/org/eclipse/jetty/jetty-bom/9.4.19.v20190610/jetty-bom-9.4.19.v20190610.pom
2026-07-27 18:59:44,054 [Worker-7: Updating Maven Project] INFO  o.e.m.c.i.e.AbstractTransferListenerAdapter - Downloading https://maven.aliyun.com/repository/public/org/glassfish/jersey/jersey-bom/2.27/jersey-bom-2.27.pom
2026-07-27 18:59:44,097 [Worker-7: Updating Maven Project] INFO  o.e.m.c.i.e.AbstractTransferListenerAdapter - Downloaded https://maven.aliyun.com/repository/public/org/glassfish/jersey/jersey-bom/2.27/jersey-bom-2.27.pom
2026-07-27 18:59:44,124 [Worker-7: Updating Maven Project] INFO  o.e.m.c.i.e.AbstractTransferListenerAdapter - Downloading https://maven.aliyun.com/repository/public/net/java/jvnet-parent/4/jvnet-parent-4.pom
2026-07-27 18:59:44,152 [Worker-7: Updating Maven Project] INFO  o.e.m.c.i.e.AbstractTransferListenerAdapter - Downloaded https://maven.aliyun.com/repository/public/net/java/jvnet-parent/4/jvnet-parent-4.pom
2026-07-27 18:59:44,179 [Worker-7: Updating Maven Project] INFO  o.e.m.c.i.e.AbstractTransferListenerAdapter - Downloading https://maven.aliyun.com/repository/public/org/junit/junit-bom/5.3.2/junit-bom-5.3.2.pom
2026-07-27 18:59:44,214 [Worker-7: Updating Maven Project] INFO  o.e.m.c.i.e.AbstractTransferListenerAdapter - Downloaded https://maven.aliyun.com/repository/public/org/junit/junit-bom/5.3.2/junit-bom-5.3.2.pom
2026-07-27 18:59:44,267 [Worker-7: Updating Maven Project] INFO  o.e.m.c.i.e.AbstractTransferListenerAdapter - Downloading https://maven.aliyun.com/repository/public/org/springframework/spring-framework-bom/5.1.8.RELEASE/spring-framework-bom-5.1.8.RELEASE.pom
2026-07-27 18:59:44,319 [Worker-7: Updating Maven Project] INFO  o.e.m.c.i.e.AbstractTransferListenerAdapter - Downloaded https://maven.aliyun.com/repository/public/org/springframework/spring-framework-bom/5.1.8.RELEASE/spring-framework-bom-5.1.8.RELEASE.pom
2026-07-27 18:59:44,364 [Worker-7: Updating Maven Project] INFO  o.e.m.c.i.e.AbstractTransferListenerAdapter - Downloading https://maven.aliyun.com/repository/public/org/springframework/data/spring-data-releasetrain/Lovelace-SR9/spring-data-releasetrain-Lovelace-SR9.pom
2026-07-27 18:59:44,417 [Worker-7: Updating Maven Project] INFO  o.e.m.c.i.e.AbstractTransferListenerAdapter - Downloaded https://maven.aliyun.com/repository/public/org/springframework/data/spring-data-releasetrain/Lovelace-SR9/spring-data-releasetrain-Lovelace-SR9.pom
2026-07-27 18:59:44,473 [Worker-7: Updating Maven Project] INFO  o.e.m.c.i.e.AbstractTransferListenerAdapter - Downloading https://maven.aliyun.com/repository/public/org/springframework/data/build/spring-data-build/2.1.9.RELEASE/spring-data-build-2.1.9.RELEASE.pom
2026-07-27 18:59:44,513 [Worker-7: Updating Maven Project] INFO  o.e.m.c.i.e.AbstractTransferListenerAdapter - Downloaded https://maven.aliyun.com/repository/public/org/springframework/data/build/spring-data-build/2.1.9.RELEASE/spring-data-build-2.1.9.RELEASE.pom
2026-07-27 18:59:44,559 [Worker-7: Updating Maven Project] INFO  o.e.m.c.i.e.AbstractTransferListenerAdapter - Downloading https://maven.aliyun.com/repository/public/org/springframework/integration/spring-integration-bom/5.1.6.RELEASE/spring-integration-bom-5.1.6.RELEASE.pom
2026-07-27 18:59:44,613 [Worker-7: Updating Maven Project] INFO  o.e.m.c.i.e.AbstractTransferListenerAdapter - Downloaded https://maven.aliyun.com/repository/public/org/springframework/integration/spring-integration-bom/5.1.6.RELEASE/spring-integration-bom-5.1.6.RELEASE.pom
2026-07-27 18:59:44,643 [Worker-7: Updating Maven Project] INFO  o.e.m.c.i.e.AbstractTransferListenerAdapter - Downloading https://maven.aliyun.com/repository/public/org/springframework/security/spring-security-bom/5.1.5.RELEASE/spring-security-bom-5.1.5.RELEASE.pom
2026-07-27 18:59:44,688 [Worker-7: Updating Maven Project] INFO  o.e.m.c.i.e.AbstractTransferListenerAdapter - Downloaded https://maven.aliyun.com/repository/public/org/springframework/security/spring-security-bom/5.1.5.RELEASE/spring-security-bom-5.1.5.RELEASE.pom
2026-07-27 18:59:44,733 [Worker-7: Updating Maven Project] INFO  o.e.m.c.i.e.AbstractTransferListenerAdapter - Downloading https://maven.aliyun.com/repository/public/org/springframework/session/spring-session-bom/Bean-SR6/spring-session-bom-Bean-SR6.pom
2026-07-27 18:59:44,779 [Worker-7: Updating Maven Project] INFO  o.e.m.c.i.e.AbstractTransferListenerAdapter - Downloaded https://maven.aliyun.com/repository/public/org/springframework/session/spring-session-bom/Bean-SR6/spring-session-bom-Bean-SR6.pom
2026-07-27 18:59:44,832 [Worker-7: Updating Maven Project] INFO  o.e.m.c.i.e.AbstractTransferListenerAdapter - Downloading https://maven.aliyun.com/repository/public/com/baomidou/mybatis-plus/3.2.0/mybatis-plus-3.2.0.pom
2026-07-27 18:59:44,880 [Worker-7: Updating Maven Project] INFO  o.e.m.c.i.e.AbstractTransferListenerAdapter - Downloaded https://maven.aliyun.com/repository/public/com/baomidou/mybatis-plus/3.2.0/mybatis-plus-3.2.0.pom
2026-07-27 18:59:44,935 [Worker-7: Updating Maven Project] INFO  o.e.m.c.i.e.AbstractTransferListenerAdapter - Downloading https://maven.aliyun.com/repository/public/com/baomidou/mybatis-plus-extension/3.2.0/mybatis-plus-extension-3.2.0.pom
2026-07-27 18:59:44,970 [Worker-7: Updating Maven Project] INFO  o.e.m.c.i.e.AbstractTransferListenerAdapter - Downloaded https://maven.aliyun.com/repository/public/com/baomidou/mybatis-plus-extension/3.2.0/mybatis-plus-extension-3.2.0.pom
2026-07-27 18:59:45,019 [Worker-7: Updating Maven Project] INFO  o.e.m.c.i.e.AbstractTransferListenerAdapter - Downloading https://maven.aliyun.com/repository/public/com/baomidou/mybatis-plus-core/3.2.0/mybatis-plus-core-3.2.0.pom
2026-07-27 18:59:45,063 [Worker-7: Updating Maven Project] INFO  o.e.m.c.i.e.AbstractTransferListenerAdapter - Downloaded https://maven.aliyun.com/repository/public/com/baomidou/mybatis-plus-core/3.2.0/mybatis-plus-core-3.2.0.pom
2026-07-27 18:59:45,099 [Worker-7: Updating Maven Project] INFO  o.e.m.c.i.e.AbstractTransferListenerAdapter - Downloading https://maven.aliyun.com/repository/public/com/baomidou/mybatis-plus-annotation/3.2.0/mybatis-plus-annotation-3.2.0.pom
2026-07-27 18:59:45,124 [Worker-7: Updating Maven Project] INFO  o.e.m.c.i.e.AbstractTransferListenerAdapter - Downloaded https://maven.aliyun.com/repository/public/com/baomidou/mybatis-plus-annotation/3.2.0/mybatis-plus-annotation-3.2.0.pom
2026-07-27 18:59:45,164 [Worker-7: Updating Maven Project] INFO  o.e.m.c.i.e.AbstractTransferListenerAdapter - Downloading https://maven.aliyun.com/repository/public/org/mybatis/mybatis/3.5.2/mybatis-3.5.2.pom
2026-07-27 18:59:45,194 [Worker-7: Updating Maven Project] INFO  o.e.m.c.i.e.AbstractTransferListenerAdapter - Downloaded https://maven.aliyun.com/repository/public/org/mybatis/mybatis/3.5.2/mybatis-3.5.2.pom
2026-07-27 18:59:45,255 [Worker-7: Updating Maven Project] INFO  o.e.m.c.i.e.AbstractTransferListenerAdapter - Downloading https://maven.aliyun.com/repository/public/org/mybatis/mybatis-parent/31/mybatis-parent-31.pom
2026-07-27 18:59:45,287 [Worker-7: Updating Maven Project] INFO  o.e.m.c.i.e.AbstractTransferListenerAdapter - Downloaded https://maven.aliyun.com/repository/public/org/mybatis/mybatis-parent/31/mybatis-parent-31.pom
2026-07-27 18:59:45,342 [Worker-7: Updating Maven Project] INFO  o.e.m.c.i.e.AbstractTransferListenerAdapter - Downloading https://maven.aliyun.com/repository/public/org/mybatis/mybatis-spring/2.0.2/mybatis-spring-2.0.2.pom
2026-07-27 18:59:45,380 [Worker-7: Updating Maven Project] INFO  o.e.m.c.i.e.AbstractTransferListenerAdapter - Downloaded https://maven.aliyun.com/repository/public/org/mybatis/mybatis-spring/2.0.2/mybatis-spring-2.0.2.pom
2026-07-27 18:59:45,435 [Worker-7: Updating Maven Project] INFO  o.e.m.c.i.e.AbstractTransferListenerAdapter - Downloading https://maven.aliyun.com/repository/public/org/springframework/boot/spring-boot-starter-jdbc/2.3.0.RELEASE/spring-boot-starter-jdbc-2.3.0.RELEASE.pom
2026-07-27 18:59:45,763 [Worker-7: Updating Maven Project] INFO  o.e.m.c.i.e.AbstractTransferListenerAdapter - Downloaded https://maven.aliyun.com/repository/public/org/springframework/boot/spring-boot-starter-jdbc/2.3.0.RELEASE/spring-boot-starter-jdbc-2.3.0.RELEASE.pom
2026-07-27 18:59:45,808 [Worker-7: Updating Maven Project] INFO  o.e.m.c.i.e.AbstractTransferListenerAdapter - Downloading https://maven.aliyun.com/repository/public/com/zaxxer/HikariCP/3.4.5/HikariCP-3.4.5.pom
2026-07-27 18:59:46,170 [Worker-7: Updating Maven Project] INFO  o.e.m.c.i.e.AbstractTransferListenerAdapter - Downloaded https://maven.aliyun.com/repository/public/com/zaxxer/HikariCP/3.4.5/HikariCP-3.4.5.pom
2026-07-27 18:59:46,196 [Worker-7: Updating Maven Project] INFO  o.e.m.c.i.e.AbstractTransferListenerAdapter - Downloading https://maven.aliyun.com/repository/public/org/springframework/spring-jdbc/5.2.6.RELEASE/spring-jdbc-5.2.6.RELEASE.pom
2026-07-27 18:59:46,427 [Worker-7: Updating Maven Project] INFO  o.e.m.c.i.e.AbstractTransferListenerAdapter - Downloaded https://maven.aliyun.com/repository/public/org/springframework/spring-jdbc/5.2.6.RELEASE/spring-jdbc-5.2.6.RELEASE.pom
2026-07-27 18:59:46,449 [Worker-7: Updating Maven Project] INFO  o.e.m.c.i.e.AbstractTransferListenerAdapter - Downloading https://maven.aliyun.com/repository/public/org/springframework/spring-tx/5.2.6.RELEASE/spring-tx-5.2.6.RELEASE.pom
2026-07-27 18:59:46,740 [Worker-7: Updating Maven Project] INFO  o.e.m.c.i.e.AbstractTransferListenerAdapter - Downloaded https://maven.aliyun.com/repository/public/org/springframework/spring-tx/5.2.6.RELEASE/spring-tx-5.2.6.RELEASE.pom
2026-07-27 18:59:46,781 [Worker-7: Updating Maven Project] INFO  o.e.m.c.i.e.AbstractTransferListenerAdapter - Downloading https://maven.aliyun.com/repository/public/io/springfox/springfox-swagger2/2.7.0/springfox-swagger2-2.7.0.pom
2026-07-27 18:59:47,095 [Worker-7: Updating Maven Project] INFO  o.e.m.c.i.e.AbstractTransferListenerAdapter - Downloaded https://maven.aliyun.com/repository/public/io/springfox/springfox-swagger2/2.7.0/springfox-swagger2-2.7.0.pom
2026-07-27 18:59:47,138 [Worker-7: Updating Maven Project] INFO  o.e.m.c.i.e.AbstractTransferListenerAdapter - Downloading https://maven.aliyun.com/repository/public/io/swagger/swagger-annotations/1.5.13/swagger-annotations-1.5.13.pom
2026-07-27 18:59:47,491 [Worker-7: Updating Maven Project] INFO  o.e.m.c.i.e.AbstractTransferListenerAdapter - Downloaded https://maven.aliyun.com/repository/public/io/swagger/swagger-annotations/1.5.13/swagger-annotations-1.5.13.pom
2026-07-27 18:59:47,529 [Worker-7: Updating Maven Project] INFO  o.e.m.c.i.e.AbstractTransferListenerAdapter - Downloading https://maven.aliyun.com/repository/public/io/swagger/swagger-project/1.5.13/swagger-project-1.5.13.pom
2026-07-27 18:59:47,844 [Worker-7: Updating Maven Project] INFO  o.e.m.c.i.e.AbstractTransferListenerAdapter - Downloaded https://maven.aliyun.com/repository/public/io/swagger/swagger-project/1.5.13/swagger-project-1.5.13.pom
2026-07-27 18:59:47,866 [Worker-7: Updating Maven Project] INFO  o.e.m.c.i.e.AbstractTransferListenerAdapter - Downloading https://maven.aliyun.com/repository/public/org/sonatype/oss/oss-parent/5/oss-parent-5.pom
2026-07-27 18:59:47,898 [Worker-7: Updating Maven Project] INFO  o.e.m.c.i.e.AbstractTransferListenerAdapter - Downloaded https://maven.aliyun.com/repository/public/org/sonatype/oss/oss-parent/5/oss-parent-5.pom
2026-07-27 18:59:47,941 [Worker-7: Updating Maven Project] INFO  o.e.m.c.i.e.AbstractTransferListenerAdapter - Downloading https://maven.aliyun.com/repository/public/io/swagger/swagger-models/1.5.13/swagger-models-1.5.13.pom
2026-07-27 18:59:48,275 [Worker-7: Updating Maven Project] INFO  o.e.m.c.i.e.AbstractTransferListenerAdapter - Downloaded https://maven.aliyun.com/repository/public/io/swagger/swagger-models/1.5.13/swagger-models-1.5.13.pom
2026-07-27 18:59:48,390 [Worker-7: Updating Maven Project] INFO  o.e.m.c.i.e.AbstractTransferListenerAdapter - Downloading https://maven.aliyun.com/repository/public/io/springfox/springfox-spi/2.7.0/springfox-spi-2.7.0.pom
2026-07-27 18:59:48,701 [Worker-7: Updating Maven Project] INFO  o.e.m.c.i.e.AbstractTransferListenerAdapter - Downloaded https://maven.aliyun.com/repository/public/io/springfox/springfox-spi/2.7.0/springfox-spi-2.7.0.pom
2026-07-27 18:59:48,760 [Worker-7: Updating Maven Project] INFO  o.e.m.c.i.e.AbstractTransferListenerAdapter - Downloading https://maven.aliyun.com/repository/public/io/springfox/springfox-core/2.7.0/springfox-core-2.7.0.pom
2026-07-27 18:59:49,068 [Worker-7: Updating Maven Project] INFO  o.e.m.c.i.e.AbstractTransferListenerAdapter - Downloaded https://maven.aliyun.com/repository/public/io/springfox/springfox-core/2.7.0/springfox-core-2.7.0.pom
2026-07-27 18:59:49,096 [Worker-7: Updating Maven Project] INFO  o.e.m.c.i.e.AbstractTransferListenerAdapter - Downloading https://maven.aliyun.com/repository/public/com/google/guava/guava/18.0/guava-18.0.pom
2026-07-27 18:59:49,150 [Worker-7: Updating Maven Project] INFO  o.e.m.c.i.e.AbstractTransferListenerAdapter - Downloaded https://maven.aliyun.com/repository/public/com/google/guava/guava/18.0/guava-18.0.pom
2026-07-27 18:59:49,182 [Worker-7: Updating Maven Project] INFO  o.e.m.c.i.e.AbstractTransferListenerAdapter - Downloading https://maven.aliyun.com/repository/public/com/google/guava/guava-parent/18.0/guava-parent-18.0.pom
2026-07-27 18:59:49,213 [Worker-7: Updating Maven Project] INFO  o.e.m.c.i.e.AbstractTransferListenerAdapter - Downloaded https://maven.aliyun.com/repository/public/com/google/guava/guava-parent/18.0/guava-parent-18.0.pom
2026-07-27 18:59:49,239 [Worker-7: Updating Maven Project] INFO  o.e.m.c.i.e.AbstractTransferListenerAdapter - Downloading https://maven.aliyun.com/repository/public/com/fasterxml/classmate/1.5.1/classmate-1.5.1.pom
2026-07-27 18:59:49,256 [Worker-7: Updating Maven Project] INFO  o.e.m.c.i.e.AbstractTransferListenerAdapter - Downloaded https://maven.aliyun.com/repository/public/com/fasterxml/classmate/1.5.1/classmate-1.5.1.pom
2026-07-27 18:59:49,279 [Worker-7: Updating Maven Project] INFO  o.e.m.c.i.e.AbstractTransferListenerAdapter - Downloading https://maven.aliyun.com/repository/public/com/fasterxml/oss-parent/35/oss-parent-35.pom
2026-07-27 18:59:49,300 [Worker-7: Updating Maven Project] INFO  o.e.m.c.i.e.AbstractTransferListenerAdapter - Downloaded https://maven.aliyun.com/repository/public/com/fasterxml/oss-parent/35/oss-parent-35.pom
2026-07-27 18:59:49,348 [Worker-7: Updating Maven Project] INFO  o.e.m.c.i.e.AbstractTransferListenerAdapter - Downloading https://maven.aliyun.com/repository/public/org/springframework/plugin/spring-plugin-core/1.2.0.RELEASE/spring-plugin-core-1.2.0.RELEASE.pom
2026-07-27 18:59:49,388 [Worker-7: Updating Maven Project] INFO  o.e.m.c.i.e.AbstractTransferListenerAdapter - Downloaded https://maven.aliyun.com/repository/public/org/springframework/plugin/spring-plugin-core/1.2.0.RELEASE/spring-plugin-core-1.2.0.RELEASE.pom
2026-07-27 18:59:49,432 [Worker-7: Updating Maven Project] INFO  o.e.m.c.i.e.AbstractTransferListenerAdapter - Downloading https://maven.aliyun.com/repository/public/org/springframework/plugin/spring-plugin/1.2.0.RELEASE/spring-plugin-1.2.0.RELEASE.pom
2026-07-27 18:59:49,469 [Worker-7: Updating Maven Project] INFO  o.e.m.c.i.e.AbstractTransferListenerAdapter - Downloaded https://maven.aliyun.com/repository/public/org/springframework/plugin/spring-plugin/1.2.0.RELEASE/spring-plugin-1.2.0.RELEASE.pom
2026-07-27 18:59:49,513 [Worker-7: Updating Maven Project] INFO  o.e.m.c.i.e.AbstractTransferListenerAdapter - Downloading https://maven.aliyun.com/repository/public/org/springframework/plugin/spring-plugin-metadata/1.2.0.RELEASE/spring-plugin-metadata-1.2.0.RELEASE.pom
2026-07-27 18:59:49,555 [Worker-7: Updating Maven Project] INFO  o.e.m.c.i.e.AbstractTransferListenerAdapter - Downloaded https://maven.aliyun.com/repository/public/org/springframework/plugin/spring-plugin-metadata/1.2.0.RELEASE/spring-plugin-metadata-1.2.0.RELEASE.pom
2026-07-27 18:59:49,610 [Worker-7: Updating Maven Project] INFO  o.e.m.c.i.e.AbstractTransferListenerAdapter - Downloading https://maven.aliyun.com/repository/public/io/springfox/springfox-schema/2.7.0/springfox-schema-2.7.0.pom
2026-07-27 18:59:49,979 [Worker-7: Updating Maven Project] INFO  o.e.m.c.i.e.AbstractTransferListenerAdapter - Downloaded https://maven.aliyun.com/repository/public/io/springfox/springfox-schema/2.7.0/springfox-schema-2.7.0.pom
2026-07-27 18:59:50,017 [Worker-7: Updating Maven Project] INFO  o.e.m.c.i.e.AbstractTransferListenerAdapter - Downloading https://maven.aliyun.com/repository/public/io/springfox/springfox-swagger-common/2.7.0/springfox-swagger-common-2.7.0.pom
2026-07-27 18:59:50,323 [Worker-7: Updating Maven Project] INFO  o.e.m.c.i.e.AbstractTransferListenerAdapter - Downloaded https://maven.aliyun.com/repository/public/io/springfox/springfox-swagger-common/2.7.0/springfox-swagger-common-2.7.0.pom
2026-07-27 18:59:50,366 [Worker-7: Updating Maven Project] INFO  o.e.m.c.i.e.AbstractTransferListenerAdapter - Downloading https://maven.aliyun.com/repository/public/io/springfox/springfox-spring-web/2.7.0/springfox-spring-web-2.7.0.pom
2026-07-27 18:59:50,658 [Worker-7: Updating Maven Project] INFO  o.e.m.c.i.e.AbstractTransferListenerAdapter - Downloaded https://maven.aliyun.com/repository/public/io/springfox/springfox-spring-web/2.7.0/springfox-spring-web-2.7.0.pom
2026-07-27 18:59:50,696 [Worker-7: Updating Maven Project] INFO  o.e.m.c.i.e.AbstractTransferListenerAdapter - Downloading https://maven.aliyun.com/repository/public/org/reflections/reflections/0.9.11/reflections-0.9.11.pom
2026-07-27 18:59:50,741 [Worker-7: Updating Maven Project] INFO  o.e.m.c.i.e.AbstractTransferListenerAdapter - Downloaded https://maven.aliyun.com/repository/public/org/reflections/reflections/0.9.11/reflections-0.9.11.pom
2026-07-27 18:59:50,814 [Worker-7: Updating Maven Project] INFO  o.e.m.c.i.e.AbstractTransferListenerAdapter - Downloading https://maven.aliyun.com/repository/public/com/google/guava/guava/20.0/guava-20.0.pom
2026-07-27 18:59:51,082 [Worker-7: Updating Maven Project] INFO  o.e.m.c.i.e.AbstractTransferListenerAdapter - Downloaded https://maven.aliyun.com/repository/public/com/google/guava/guava/20.0/guava-20.0.pom
2026-07-27 18:59:51,111 [Worker-7: Updating Maven Project] INFO  o.e.m.c.i.e.AbstractTransferListenerAdapter - Downloading https://maven.aliyun.com/repository/public/com/google/guava/guava-parent/20.0/guava-parent-20.0.pom
2026-07-27 18:59:51,414 [Worker-7: Updating Maven Project] INFO  o.e.m.c.i.e.AbstractTransferListenerAdapter - Downloaded https://maven.aliyun.com/repository/public/com/google/guava/guava-parent/20.0/guava-parent-20.0.pom
2026-07-27 18:59:51,496 [Worker-7: Updating Maven Project] INFO  o.e.m.c.i.e.AbstractTransferListenerAdapter - Downloading https://maven.aliyun.com/repository/public/org/javassist/javassist/3.21.0-GA/javassist-3.21.0-GA.pom
2026-07-27 18:59:51,533 [Worker-7: Updating Maven Project] INFO  o.e.m.c.i.e.AbstractTransferListenerAdapter - Downloaded https://maven.aliyun.com/repository/public/org/javassist/javassist/3.21.0-GA/javassist-3.21.0-GA.pom
2026-07-27 18:59:51,596 [Worker-7: Updating Maven Project] INFO  o.e.m.c.i.e.AbstractTransferListenerAdapter - Downloading https://maven.aliyun.com/repository/public/org/mapstruct/mapstruct/1.1.0.Final/mapstruct-1.1.0.Final.pom
2026-07-27 18:59:51,932 [Worker-7: Updating Maven Project] INFO  o.e.m.c.i.e.AbstractTransferListenerAdapter - Downloaded https://maven.aliyun.com/repository/public/org/mapstruct/mapstruct/1.1.0.Final/mapstruct-1.1.0.Final.pom
2026-07-27 18:59:52,004 [Worker-7: Updating Maven Project] INFO  o.e.m.c.i.e.AbstractTransferListenerAdapter - Downloading https://maven.aliyun.com/repository/public/org/mapstruct/mapstruct-parent/1.1.0.Final/mapstruct-parent-1.1.0.Final.pom
2026-07-27 18:59:52,296 [Worker-7: Updating Maven Project] INFO  o.e.m.c.i.e.AbstractTransferListenerAdapter - Downloaded https://maven.aliyun.com/repository/public/org/mapstruct/mapstruct-parent/1.1.0.Final/mapstruct-parent-1.1.0.Final.pom
2026-07-27 18:59:52,344 [Worker-7: Updating Maven Project] INFO  o.e.m.c.i.e.AbstractTransferListenerAdapter - Downloading https://maven.aliyun.com/repository/public/org/jboss/arquillian/arquillian-bom/1.0.2.Final/arquillian-bom-1.0.2.Final.pom
2026-07-27 18:59:52,381 [Worker-7: Updating Maven Project] INFO  o.e.m.c.i.e.AbstractTransferListenerAdapter - Downloaded https://maven.aliyun.com/repository/public/org/jboss/arquillian/arquillian-bom/1.0.2.Final/arquillian-bom-1.0.2.Final.pom
2026-07-27 18:59:52,415 [Worker-7: Updating Maven Project] INFO  o.e.m.c.i.e.AbstractTransferListenerAdapter - Downloading https://maven.aliyun.com/repository/public/org/jboss/shrinkwrap/shrinkwrap-bom/1.0.1/shrinkwrap-bom-1.0.1.pom
2026-07-27 18:59:52,449 [Worker-7: Updating Maven Project] INFO  o.e.m.c.i.e.AbstractTransferListenerAdapter - Downloaded https://maven.aliyun.com/repository/public/org/jboss/shrinkwrap/shrinkwrap-bom/1.0.1/shrinkwrap-bom-1.0.1.pom
2026-07-27 18:59:52,476 [Worker-7: Updating Maven Project] INFO  o.e.m.c.i.e.AbstractTransferListenerAdapter - Downloading https://maven.aliyun.com/repository/public/org/jboss/shrinkwrap/resolver/shrinkwrap-resolver-bom/1.0.0-beta-7/shrinkwrap-resolver-bom-1.0.0-beta-7.pom
2026-07-27 18:59:52,500 [Worker-7: Updating Maven Project] INFO  o.e.m.c.i.e.AbstractTransferListenerAdapter - Downloaded https://maven.aliyun.com/repository/public/org/jboss/shrinkwrap/resolver/shrinkwrap-resolver-bom/1.0.0-beta-7/shrinkwrap-resolver-bom-1.0.0-beta-7.pom
2026-07-27 18:59:52,527 [Worker-7: Updating Maven Project] INFO  o.e.m.c.i.e.AbstractTransferListenerAdapter - Downloading https://maven.aliyun.com/repository/public/org/jboss/shrinkwrap/descriptors/shrinkwrap-descriptors-bom/2.0.0-alpha-3/shrinkwrap-descriptors-bom-2.0.0-alpha-3.pom
2026-07-27 18:59:52,592 [Worker-7: Updating Maven Project] INFO  o.e.m.c.i.e.AbstractTransferListenerAdapter - Downloaded https://maven.aliyun.com/repository/public/org/jboss/shrinkwrap/descriptors/shrinkwrap-descriptors-bom/2.0.0-alpha-3/shrinkwrap-descriptors-bom-2.0.0-alpha-3.pom
2026-07-27 18:59:52,642 [Worker-7: Updating Maven Project] INFO  o.e.m.c.i.e.AbstractTransferListenerAdapter - Downloading https://maven.aliyun.com/repository/public/org/apache/commons/commons-lang3/3.5/commons-lang3-3.5.pom
2026-07-27 18:59:52,683 [Worker-7: Updating Maven Project] INFO  o.e.m.c.i.e.AbstractTransferListenerAdapter - Downloaded https://maven.aliyun.com/repository/public/org/apache/commons/commons-lang3/3.5/commons-lang3-3.5.pom
2026-07-27 18:59:52,706 [Worker-7: Updating Maven Project] INFO  o.e.m.c.i.e.AbstractTransferListenerAdapter - Downloading https://maven.aliyun.com/repository/public/org/apache/commons/commons-parent/41/commons-parent-41.pom
2026-07-27 18:59:52,755 [Worker-7: Updating Maven Project] INFO  o.e.m.c.i.e.AbstractTransferListenerAdapter - Downloaded https://maven.aliyun.com/repository/public/org/apache/commons/commons-parent/41/commons-parent-41.pom
2026-07-27 18:59:53,104 [Worker-7: Updating Maven Project] INFO  o.e.m.c.i.e.AbstractTransferListenerAdapter - Downloading https://maven.aliyun.com/repository/public/org/springframework/boot/spring-boot-starter-security/2.3.0.RELEASE/spring-boot-starter-security-2.3.0.RELEASE.pom
2026-07-27 18:59:53,447 [Worker-7: Updating Maven Project] INFO  o.e.m.c.i.e.AbstractTransferListenerAdapter - Downloaded https://maven.aliyun.com/repository/public/org/springframework/boot/spring-boot-starter-security/2.3.0.RELEASE/spring-boot-starter-security-2.3.0.RELEASE.pom
2026-07-27 18:59:53,786 [Worker-7: Updating Maven Project] INFO  o.e.m.c.i.e.AbstractTransferListenerAdapter - Downloading https://maven.aliyun.com/repository/public/org/springframework/security/spring-security-config/5.3.2.RELEASE/spring-security-config-5.3.2.RELEASE.pom
2026-07-27 18:59:54,043 [Worker-7: Updating Maven Project] INFO  o.e.m.c.i.e.AbstractTransferListenerAdapter - Downloaded https://maven.aliyun.com/repository/public/org/springframework/security/spring-security-config/5.3.2.RELEASE/spring-security-config-5.3.2.RELEASE.pom
2026-07-27 18:59:54,395 [Worker-7: Updating Maven Project] INFO  o.e.m.c.i.e.AbstractTransferListenerAdapter - Downloading https://maven.aliyun.com/repository/public/org/springframework/security/spring-security-core/5.3.2.RELEASE/spring-security-core-5.3.2.RELEASE.pom
2026-07-27 18:59:54,693 [Worker-7: Updating Maven Project] INFO  o.e.m.c.i.e.AbstractTransferListenerAdapter - Downloaded https://maven.aliyun.com/repository/public/org/springframework/security/spring-security-core/5.3.2.RELEASE/spring-security-core-5.3.2.RELEASE.pom
2026-07-27 18:59:55,128 [Worker-7: Updating Maven Project] INFO  o.e.m.c.i.e.AbstractTransferListenerAdapter - Downloading https://maven.aliyun.com/repository/public/org/springframework/security/spring-security-web/5.3.2.RELEASE/spring-security-web-5.3.2.RELEASE.pom
2026-07-27 18:59:55,440 [Worker-7: Updating Maven Project] INFO  o.e.m.c.i.e.AbstractTransferListenerAdapter - Downloaded https://maven.aliyun.com/repository/public/org/springframework/security/spring-security-web/5.3.2.RELEASE/spring-security-web-5.3.2.RELEASE.pom
2026-07-27 18:59:55,626 [Worker-7: Updating Maven Project] INFO  o.e.m.c.i.e.AbstractTransferListenerAdapter - Downloading https://maven.aliyun.com/repository/public/com/github/penggle/kaptcha/2.3.2/kaptcha-2.3.2.pom
2026-07-27 18:59:55,664 [Worker-7: Updating Maven Project] INFO  o.e.m.c.i.e.AbstractTransferListenerAdapter - Downloaded https://maven.aliyun.com/repository/public/com/github/penggle/kaptcha/2.3.2/kaptcha-2.3.2.pom
2026-07-27 18:59:55,744 [Worker-7: Updating Maven Project] INFO  o.e.m.c.i.e.AbstractTransferListenerAdapter - Downloading https://maven.aliyun.com/repository/public/javax/servlet/javax.servlet-api/4.0.1/javax.servlet-api-4.0.1.pom
2026-07-27 18:59:55,777 [Worker-7: Updating Maven Project] INFO  o.e.m.c.i.e.AbstractTransferListenerAdapter - Downloaded https://maven.aliyun.com/repository/public/javax/servlet/javax.servlet-api/4.0.1/javax.servlet-api-4.0.1.pom
2026-07-27 18:59:55,809 [Worker-7: Updating Maven Project] INFO  o.e.m.c.i.e.AbstractTransferListenerAdapter - Downloading https://maven.aliyun.com/repository/public/net/java/jvnet-parent/3/jvnet-parent-3.pom
2026-07-27 18:59:56,096 [Worker-7: Updating Maven Project] INFO  o.e.m.c.i.e.AbstractTransferListenerAdapter - Downloaded https://maven.aliyun.com/repository/public/net/java/jvnet-parent/3/jvnet-parent-3.pom
2026-07-27 18:59:56,120 [Worker-7: Updating Maven Project] INFO  o.e.m.c.i.e.AbstractTransferListenerAdapter - Downloading https://maven.aliyun.com/repository/public/com/jhlabs/filters/2.0.235-1/filters-2.0.235-1.pom
2026-07-27 18:59:56,136 [Worker-7: Updating Maven Project] INFO  o.e.m.c.i.e.AbstractTransferListenerAdapter - Downloaded https://maven.aliyun.com/repository/public/com/jhlabs/filters/2.0.235-1/filters-2.0.235-1.pom
2026-07-27 18:59:56,478 [Worker-7: Updating Maven Project] INFO  o.e.m.c.i.e.AbstractTransferListenerAdapter - Downloading https://maven.aliyun.com/repository/public/org/springframework/security/spring-security-taglibs/5.3.2.RELEASE/spring-security-taglibs-5.3.2.RELEASE.pom
2026-07-27 18:59:56,809 [Worker-7: Updating Maven Project] INFO  o.e.m.c.i.e.AbstractTransferListenerAdapter - Downloaded https://maven.aliyun.com/repository/public/org/springframework/security/spring-security-taglibs/5.3.2.RELEASE/spring-security-taglibs-5.3.2.RELEASE.pom
2026-07-27 18:59:57,180 [Worker-7: Updating Maven Project] INFO  o.e.m.c.i.e.AbstractTransferListenerAdapter - Downloading https://maven.aliyun.com/repository/public/org/springframework/security/spring-security-acl/5.3.2.RELEASE/spring-security-acl-5.3.2.RELEASE.pom
2026-07-27 18:59:57,497 [Worker-7: Updating Maven Project] INFO  o.e.m.c.i.e.AbstractTransferListenerAdapter - Downloaded https://maven.aliyun.com/repository/public/org/springframework/security/spring-security-acl/5.3.2.RELEASE/spring-security-acl-5.3.2.RELEASE.pom
2026-07-27 18:59:57,528 [Worker-7: Updating Maven Project] INFO  o.e.m.c.i.e.AbstractTransferListenerAdapter - Downloading https://maven.aliyun.com/repository/public/javax/servlet/jsp/jsp-api/2.2.1-b03/jsp-api-2.2.1-b03.pom
2026-07-27 18:59:57,833 [Worker-7: Updating Maven Project] INFO  o.e.m.c.i.e.AbstractTransferListenerAdapter - Downloaded https://maven.aliyun.com/repository/public/javax/servlet/jsp/jsp-api/2.2.1-b03/jsp-api-2.2.1-b03.pom
2026-07-27 18:59:58,200 [Worker-7: Updating Maven Project] INFO  o.e.m.c.i.e.AbstractTransferListenerAdapter - Downloading https://maven.aliyun.com/repository/public/org/glassfish/web/jsp/2.2.1-b03/jsp-2.2.1-b03.pom
2026-07-27 18:59:58,472 [Worker-7: Updating Maven Project] INFO  o.e.m.c.i.e.AbstractTransferListenerAdapter - Downloaded https://maven.aliyun.com/repository/public/org/glassfish/web/jsp/2.2.1-b03/jsp-2.2.1-b03.pom
2026-07-27 18:59:58,787 [Worker-7: Updating Maven Project] INFO  o.e.m.c.i.e.AbstractTransferListenerAdapter - Downloading https://maven.aliyun.com/repository/public/org/springframework/boot/spring-boot-starter-web/2.3.0.RELEASE/spring-boot-starter-web-2.3.0.RELEASE.jar
2026-07-27 18:59:59,115 [Worker-7: Updating Maven Project] INFO  o.e.m.c.i.e.AbstractTransferListenerAdapter - Downloaded https://maven.aliyun.com/repository/public/org/springframework/boot/spring-boot-starter-web/2.3.0.RELEASE/spring-boot-starter-web-2.3.0.RELEASE.jar
2026-07-27 18:59:59,142 [Worker-7: Updating Maven Project] INFO  o.e.m.c.i.e.AbstractTransferListenerAdapter - Downloading https://maven.aliyun.com/repository/public/org/springframework/boot/spring-boot-starter/2.3.0.RELEASE/spring-boot-starter-2.3.0.RELEASE.jar
2026-07-27 18:59:59,199 [Worker-7: Updating Maven Project] INFO  o.e.m.c.i.e.AbstractTransferListenerAdapter - Downloaded https://maven.aliyun.com/repository/public/org/springframework/boot/spring-boot-starter/2.3.0.RELEASE/spring-boot-starter-2.3.0.RELEASE.jar
2026-07-27 18:59:59,244 [Worker-7: Updating Maven Project] INFO  o.e.m.c.i.e.AbstractTransferListenerAdapter - Downloading https://maven.aliyun.com/repository/public/org/springframework/boot/spring-boot/2.3.0.RELEASE/spring-boot-2.3.0.RELEASE.jar
2026-07-27 18:59:59,406 [Worker-7: Updating Maven Project] INFO  o.e.m.c.i.e.AbstractTransferListenerAdapter - Downloaded https://maven.aliyun.com/repository/public/org/springframework/boot/spring-boot/2.3.0.RELEASE/spring-boot-2.3.0.RELEASE.jar
2026-07-27 18:59:59,447 [Worker-7: Updating Maven Project] INFO  o.e.m.c.i.e.AbstractTransferListenerAdapter - Downloading https://maven.aliyun.com/repository/public/org/springframework/boot/spring-boot-starter-logging/2.3.0.RELEASE/spring-boot-starter-logging-2.3.0.RELEASE.jar
2026-07-27 18:59:59,762 [Worker-7: Updating Maven Project] INFO  o.e.m.c.i.e.AbstractTransferListenerAdapter - Downloaded https://maven.aliyun.com/repository/public/org/springframework/boot/spring-boot-starter-logging/2.3.0.RELEASE/spring-boot-starter-logging-2.3.0.RELEASE.jar
2026-07-27 18:59:59,823 [Worker-7: Updating Maven Project] INFO  o.e.m.c.i.e.AbstractTransferListenerAdapter - Downloading https://maven.aliyun.com/repository/public/ch/qos/logback/logback-classic/1.2.3/logback-classic-1.2.3.jar
2026-07-27 18:59:59,888 [Worker-7: Updating Maven Project] INFO  o.e.m.c.i.e.AbstractTransferListenerAdapter - Downloaded https://maven.aliyun.com/repository/public/ch/qos/logback/logback-classic/1.2.3/logback-classic-1.2.3.jar
2026-07-27 18:59:59,960 [Worker-7: Updating Maven Project] INFO  o.e.m.c.i.e.AbstractTransferListenerAdapter - Downloading https://maven.aliyun.com/repository/public/ch/qos/logback/logback-core/1.2.3/logback-core-1.2.3.jar
2026-07-27 19:00:00,045 [Worker-7: Updating Maven Project] INFO  o.e.m.c.i.e.AbstractTransferListenerAdapter - Downloaded https://maven.aliyun.com/repository/public/ch/qos/logback/logback-core/1.2.3/logback-core-1.2.3.jar
2026-07-27 19:00:00,075 [Worker-7: Updating Maven Project] INFO  o.e.m.c.i.e.AbstractTransferListenerAdapter - Downloading https://maven.aliyun.com/repository/public/org/apache/logging/log4j/log4j-to-slf4j/2.13.2/log4j-to-slf4j-2.13.2.jar
2026-07-27 19:00:00,398 [Worker-7: Updating Maven Project] INFO  o.e.m.c.i.e.AbstractTransferListenerAdapter - Downloaded https://maven.aliyun.com/repository/public/org/apache/logging/log4j/log4j-to-slf4j/2.13.2/log4j-to-slf4j-2.13.2.jar
2026-07-27 19:00:00,767 [Worker-7: Updating Maven Project] INFO  o.e.m.c.i.e.AbstractTransferListenerAdapter - Downloading https://maven.aliyun.com/repository/public/org/apache/logging/log4j/log4j-api/2.13.2/log4j-api-2.13.2.jar
2026-07-27 19:00:00,870 [Worker-7: Updating Maven Project] INFO  o.e.m.c.i.e.AbstractTransferListenerAdapter - Downloaded https://maven.aliyun.com/repository/public/org/apache/logging/log4j/log4j-api/2.13.2/log4j-api-2.13.2.jar
2026-07-27 19:00:00,881 [Worker-7: Updating Maven Project] INFO  o.e.m.c.i.e.AbstractTransferListenerAdapter - Downloading https://maven.aliyun.com/repository/public/org/slf4j/jul-to-slf4j/1.7.30/jul-to-slf4j-1.7.30.jar
2026-07-27 19:00:01,340 [Worker-7: Updating Maven Project] INFO  o.e.m.c.i.e.AbstractTransferListenerAdapter - Downloaded https://maven.aliyun.com/repository/public/org/slf4j/jul-to-slf4j/1.7.30/jul-to-slf4j-1.7.30.jar
2026-07-27 19:00:01,354 [Worker-7: Updating Maven Project] INFO  o.e.m.c.i.e.AbstractTransferListenerAdapter - Downloading https://maven.aliyun.com/repository/public/jakarta/annotation/jakarta.annotation-api/1.3.5/jakarta.annotation-api-1.3.5.jar
2026-07-27 19:00:01,681 [Worker-7: Updating Maven Project] INFO  o.e.m.c.i.e.AbstractTransferListenerAdapter - Downloaded https://maven.aliyun.com/repository/public/jakarta/annotation/jakarta.annotation-api/1.3.5/jakarta.annotation-api-1.3.5.jar
2026-07-27 19:00:01,721 [Worker-7: Updating Maven Project] INFO  o.e.m.c.i.e.AbstractTransferListenerAdapter - Downloading https://maven.aliyun.com/repository/public/org/yaml/snakeyaml/1.26/snakeyaml-1.26.jar
2026-07-27 19:00:02,080 [Worker-7: Updating Maven Project] INFO  o.e.m.c.i.e.AbstractTransferListenerAdapter - Downloaded https://maven.aliyun.com/repository/public/org/yaml/snakeyaml/1.26/snakeyaml-1.26.jar
2026-07-27 19:00:02,123 [Worker-7: Updating Maven Project] INFO  o.e.m.c.i.e.AbstractTransferListenerAdapter - Downloading https://maven.aliyun.com/repository/public/org/springframework/boot/spring-boot-starter-json/2.3.0.RELEASE/spring-boot-starter-json-2.3.0.RELEASE.jar
2026-07-27 19:00:02,445 [Worker-7: Updating Maven Project] INFO  o.e.m.c.i.e.AbstractTransferListenerAdapter - Downloaded https://maven.aliyun.com/repository/public/org/springframework/boot/spring-boot-starter-json/2.3.0.RELEASE/spring-boot-starter-json-2.3.0.RELEASE.jar
2026-07-27 19:00:02,461 [Worker-7: Updating Maven Project] INFO  o.e.m.c.i.e.AbstractTransferListenerAdapter - Downloading https://maven.aliyun.com/repository/public/com/fasterxml/jackson/core/jackson-databind/2.11.0/jackson-databind-2.11.0.jar
2026-07-27 19:00:02,620 [Worker-7: Updating Maven Project] INFO  o.e.m.c.i.e.AbstractTransferListenerAdapter - Downloaded https://maven.aliyun.com/repository/public/com/fasterxml/jackson/core/jackson-databind/2.11.0/jackson-databind-2.11.0.jar
2026-07-27 19:00:02,652 [Worker-7: Updating Maven Project] INFO  o.e.m.c.i.e.AbstractTransferListenerAdapter - Downloading https://maven.aliyun.com/repository/public/com/fasterxml/jackson/core/jackson-core/2.11.0/jackson-core-2.11.0.jar
2026-07-27 19:00:02,711 [Worker-7: Updating Maven Project] INFO  o.e.m.c.i.e.AbstractTransferListenerAdapter - Downloaded https://maven.aliyun.com/repository/public/com/fasterxml/jackson/core/jackson-core/2.11.0/jackson-core-2.11.0.jar
2026-07-27 19:00:02,744 [Worker-7: Updating Maven Project] INFO  o.e.m.c.i.e.AbstractTransferListenerAdapter - Downloading https://maven.aliyun.com/repository/public/com/fasterxml/jackson/datatype/jackson-datatype-jdk8/2.11.0/jackson-datatype-jdk8-2.11.0.jar
2026-07-27 19:00:02,789 [Worker-7: Updating Maven Project] INFO  o.e.m.c.i.e.AbstractTransferListenerAdapter - Downloaded https://maven.aliyun.com/repository/public/com/fasterxml/jackson/datatype/jackson-datatype-jdk8/2.11.0/jackson-datatype-jdk8-2.11.0.jar
2026-07-27 19:00:02,833 [Worker-7: Updating Maven Project] INFO  o.e.m.c.i.e.AbstractTransferListenerAdapter - Downloading https://maven.aliyun.com/repository/public/com/fasterxml/jackson/datatype/jackson-datatype-jsr310/2.11.0/jackson-datatype-jsr310-2.11.0.jar
2026-07-27 19:00:02,888 [Worker-7: Updating Maven Project] INFO  o.e.m.c.i.e.AbstractTransferListenerAdapter - Downloaded https://maven.aliyun.com/repository/public/com/fasterxml/jackson/datatype/jackson-datatype-jsr310/2.11.0/jackson-datatype-jsr310-2.11.0.jar
2026-07-27 19:00:02,913 [Worker-7: Updating Maven Project] INFO  o.e.m.c.i.e.AbstractTransferListenerAdapter - Downloading https://maven.aliyun.com/repository/public/com/fasterxml/jackson/module/jackson-module-parameter-names/2.11.0/jackson-module-parameter-names-2.11.0.jar
2026-07-27 19:00:02,974 [Worker-7: Updating Maven Project] INFO  o.e.m.c.i.e.AbstractTransferListenerAdapter - Downloaded https://maven.aliyun.com/repository/public/com/fasterxml/jackson/module/jackson-module-parameter-names/2.11.0/jackson-module-parameter-names-2.11.0.jar
2026-07-27 19:00:03,008 [Worker-7: Updating Maven Project] INFO  o.e.m.c.i.e.AbstractTransferListenerAdapter - Downloading https://maven.aliyun.com/repository/public/org/springframework/boot/spring-boot-starter-tomcat/2.3.0.RELEASE/spring-boot-starter-tomcat-2.3.0.RELEASE.jar
2026-07-27 19:00:03,048 [Worker-7: Updating Maven Project] INFO  o.e.m.c.i.e.AbstractTransferListenerAdapter - Downloaded https://maven.aliyun.com/repository/public/org/springframework/boot/spring-boot-starter-tomcat/2.3.0.RELEASE/spring-boot-starter-tomcat-2.3.0.RELEASE.jar
2026-07-27 19:00:03,416 [Worker-7: Updating Maven Project] INFO  o.e.m.c.i.e.AbstractTransferListenerAdapter - Downloading https://maven.aliyun.com/repository/public/org/apache/tomcat/embed/tomcat-embed-core/9.0.35/tomcat-embed-core-9.0.35.jar
2026-07-27 19:00:03,725 [Worker-7: Updating Maven Project] INFO  o.e.m.c.i.e.AbstractTransferListenerAdapter - Downloaded https://maven.aliyun.com/repository/public/org/apache/tomcat/embed/tomcat-embed-core/9.0.35/tomcat-embed-core-9.0.35.jar
2026-07-27 19:00:03,737 [Worker-7: Updating Maven Project] INFO  o.e.m.c.i.e.AbstractTransferListenerAdapter - Downloading https://maven.aliyun.com/repository/public/org/glassfish/jakarta.el/3.0.3/jakarta.el-3.0.3.jar
2026-07-27 19:00:03,784 [Worker-7: Updating Maven Project] INFO  o.e.m.c.i.e.AbstractTransferListenerAdapter - Downloaded https://maven.aliyun.com/repository/public/org/glassfish/jakarta.el/3.0.3/jakarta.el-3.0.3.jar
2026-07-27 19:00:03,823 [Worker-7: Updating Maven Project] INFO  o.e.m.c.i.e.AbstractTransferListenerAdapter - Downloading https://maven.aliyun.com/repository/public/org/apache/tomcat/embed/tomcat-embed-websocket/9.0.35/tomcat-embed-websocket-9.0.35.jar
2026-07-27 19:00:03,916 [Worker-7: Updating Maven Project] INFO  o.e.m.c.i.e.AbstractTransferListenerAdapter - Downloaded https://maven.aliyun.com/repository/public/org/apache/tomcat/embed/tomcat-embed-websocket/9.0.35/tomcat-embed-websocket-9.0.35.jar
2026-07-27 19:00:03,930 [Worker-7: Updating Maven Project] INFO  o.e.m.c.i.e.AbstractTransferListenerAdapter - Downloading https://maven.aliyun.com/repository/public/org/springframework/spring-web/5.2.6.RELEASE/spring-web-5.2.6.RELEASE.jar
2026-07-27 19:00:04,313 [Worker-7: Updating Maven Project] INFO  o.e.m.c.i.e.AbstractTransferListenerAdapter - Downloaded https://maven.aliyun.com/repository/public/org/springframework/spring-web/5.2.6.RELEASE/spring-web-5.2.6.RELEASE.jar
2026-07-27 19:00:04,365 [Worker-7: Updating Maven Project] INFO  o.e.m.c.i.e.AbstractTransferListenerAdapter - Downloading https://maven.aliyun.com/repository/public/org/springframework/spring-webmvc/5.2.6.RELEASE/spring-webmvc-5.2.6.RELEASE.jar
2026-07-27 19:00:04,733 [Worker-7: Updating Maven Project] INFO  o.e.m.c.i.e.AbstractTransferListenerAdapter - Downloaded https://maven.aliyun.com/repository/public/org/springframework/spring-webmvc/5.2.6.RELEASE/spring-webmvc-5.2.6.RELEASE.jar
2026-07-27 19:00:05,243 [Worker-7: Updating Maven Project] INFO  o.e.m.c.i.e.AbstractTransferListenerAdapter - Downloading https://maven.aliyun.com/repository/public/org/springframework/boot/spring-boot-starter-freemarker/2.3.0.RELEASE/spring-boot-starter-freemarker-2.3.0.RELEASE.jar
2026-07-27 19:00:05,545 [Worker-7: Updating Maven Project] INFO  o.e.m.c.i.e.AbstractTransferListenerAdapter - Downloaded https://maven.aliyun.com/repository/public/org/springframework/boot/spring-boot-starter-freemarker/2.3.0.RELEASE/spring-boot-starter-freemarker-2.3.0.RELEASE.jar
2026-07-27 19:00:05,588 [Worker-7: Updating Maven Project] INFO  o.e.m.c.i.e.AbstractTransferListenerAdapter - Downloading https://maven.aliyun.com/repository/public/org/freemarker/freemarker/2.3.30/freemarker-2.3.30.jar
2026-07-27 19:00:05,744 [Worker-7: Updating Maven Project] INFO  o.e.m.c.i.e.AbstractTransferListenerAdapter - Downloaded https://maven.aliyun.com/repository/public/org/freemarker/freemarker/2.3.30/freemarker-2.3.30.jar
2026-07-27 19:00:05,760 [Worker-7: Updating Maven Project] INFO  o.e.m.c.i.e.AbstractTransferListenerAdapter - Downloading https://maven.aliyun.com/repository/public/org/springframework/spring-context-support/5.2.6.RELEASE/spring-context-support-5.2.6.RELEASE.jar
2026-07-27 19:00:05,809 [Worker-7: Updating Maven Project] INFO  o.e.m.c.i.e.AbstractTransferListenerAdapter - Downloaded https://maven.aliyun.com/repository/public/org/springframework/spring-context-support/5.2.6.RELEASE/spring-context-support-5.2.6.RELEASE.jar
2026-07-27 19:00:05,859 [Worker-7: Updating Maven Project] INFO  o.e.m.c.i.e.AbstractTransferListenerAdapter - Downloading https://maven.aliyun.com/repository/public/com/google/code/gson/gson/2.8.5/gson-2.8.5.jar
2026-07-27 19:00:05,905 [Worker-7: Updating Maven Project] INFO  o.e.m.c.i.e.AbstractTransferListenerAdapter - Downloaded https://maven.aliyun.com/repository/public/com/google/code/gson/gson/2.8.5/gson-2.8.5.jar
2026-07-27 19:00:06,211 [Worker-7: Updating Maven Project] INFO  o.e.m.c.i.e.AbstractTransferListenerAdapter - Downloading https://maven.aliyun.com/repository/public/org/springframework/boot/spring-boot-starter-test/2.3.0.RELEASE/spring-boot-starter-test-2.3.0.RELEASE.jar
2026-07-27 19:00:06,246 [Worker-7: Updating Maven Project] INFO  o.e.m.c.i.e.AbstractTransferListenerAdapter - Downloaded https://maven.aliyun.com/repository/public/org/springframework/boot/spring-boot-starter-test/2.3.0.RELEASE/spring-boot-starter-test-2.3.0.RELEASE.jar
2026-07-27 19:00:06,305 [Worker-7: Updating Maven Project] INFO  o.e.m.c.i.e.AbstractTransferListenerAdapter - Downloading https://maven.aliyun.com/repository/public/org/springframework/boot/spring-boot-test/2.3.0.RELEASE/spring-boot-test-2.3.0.RELEASE.jar
2026-07-27 19:00:06,662 [Worker-7: Updating Maven Project] INFO  o.e.m.c.i.e.AbstractTransferListenerAdapter - Downloaded https://maven.aliyun.com/repository/public/org/springframework/boot/spring-boot-test/2.3.0.RELEASE/spring-boot-test-2.3.0.RELEASE.jar
2026-07-27 19:00:06,737 [Worker-7: Updating Maven Project] INFO  o.e.m.c.i.e.AbstractTransferListenerAdapter - Downloading https://maven.aliyun.com/repository/public/org/springframework/boot/spring-boot-test-autoconfigure/2.3.0.RELEASE/spring-boot-test-autoconfigure-2.3.0.RELEASE.jar
2026-07-27 19:00:06,790 [Worker-7: Updating Maven Project] INFO  o.e.m.c.i.e.AbstractTransferListenerAdapter - Downloaded https://maven.aliyun.com/repository/public/org/springframework/boot/spring-boot-test-autoconfigure/2.3.0.RELEASE/spring-boot-test-autoconfigure-2.3.0.RELEASE.jar
2026-07-27 19:00:06,847 [Worker-7: Updating Maven Project] INFO  o.e.m.c.i.e.AbstractTransferListenerAdapter - Downloading https://maven.aliyun.com/repository/public/com/jayway/jsonpath/json-path/2.4.0/json-path-2.4.0.jar
2026-07-27 19:00:06,890 [Worker-7: Updating Maven Project] INFO  o.e.m.c.i.e.AbstractTransferListenerAdapter - Downloaded https://maven.aliyun.com/repository/public/com/jayway/jsonpath/json-path/2.4.0/json-path-2.4.0.jar
2026-07-27 19:00:06,901 [Worker-7: Updating Maven Project] INFO  o.e.m.c.i.e.AbstractTransferListenerAdapter - Downloading https://maven.aliyun.com/repository/public/net/minidev/json-smart/2.3/json-smart-2.3.jar
2026-07-27 19:00:06,934 [Worker-7: Updating Maven Project] INFO  o.e.m.c.i.e.AbstractTransferListenerAdapter - Downloaded https://maven.aliyun.com/repository/public/net/minidev/json-smart/2.3/json-smart-2.3.jar
2026-07-27 19:00:06,946 [Worker-7: Updating Maven Project] INFO  o.e.m.c.i.e.AbstractTransferListenerAdapter - Downloading https://maven.aliyun.com/repository/public/net/minidev/accessors-smart/1.2/accessors-smart-1.2.jar
2026-07-27 19:00:06,982 [Worker-7: Updating Maven Project] INFO  o.e.m.c.i.e.AbstractTransferListenerAdapter - Downloaded https://maven.aliyun.com/repository/public/net/minidev/accessors-smart/1.2/accessors-smart-1.2.jar
2026-07-27 19:00:06,994 [Worker-7: Updating Maven Project] INFO  o.e.m.c.i.e.AbstractTransferListenerAdapter - Downloading https://maven.aliyun.com/repository/public/org/ow2/asm/asm/5.0.4/asm-5.0.4.jar
2026-07-27 19:00:07,031 [Worker-7: Updating Maven Project] INFO  o.e.m.c.i.e.AbstractTransferListenerAdapter - Downloaded https://maven.aliyun.com/repository/public/org/ow2/asm/asm/5.0.4/asm-5.0.4.jar
2026-07-27 19:00:07,048 [Worker-7: Updating Maven Project] INFO  o.e.m.c.i.e.AbstractTransferListenerAdapter - Downloading https://maven.aliyun.com/repository/public/jakarta/xml/bind/jakarta.xml.bind-api/2.3.3/jakarta.xml.bind-api-2.3.3.jar
2026-07-27 19:00:07,088 [Worker-7: Updating Maven Project] INFO  o.e.m.c.i.e.AbstractTransferListenerAdapter - Downloaded https://maven.aliyun.com/repository/public/jakarta/xml/bind/jakarta.xml.bind-api/2.3.3/jakarta.xml.bind-api-2.3.3.jar
2026-07-27 19:00:07,100 [Worker-7: Updating Maven Project] INFO  o.e.m.c.i.e.AbstractTransferListenerAdapter - Downloading https://maven.aliyun.com/repository/public/jakarta/activation/jakarta.activation-api/1.2.2/jakarta.activation-api-1.2.2.jar
2026-07-27 19:00:07,127 [Worker-7: Updating Maven Project] INFO  o.e.m.c.i.e.AbstractTransferListenerAdapter - Downloaded https://maven.aliyun.com/repository/public/jakarta/activation/jakarta.activation-api/1.2.2/jakarta.activation-api-1.2.2.jar
2026-07-27 19:00:07,171 [Worker-7: Updating Maven Project] INFO  o.e.m.c.i.e.AbstractTransferListenerAdapter - Downloading https://maven.aliyun.com/repository/public/org/assertj/assertj-core/3.16.1/assertj-core-3.16.1.jar
2026-07-27 19:00:07,744 [Worker-7: Updating Maven Project] INFO  o.e.m.c.i.e.AbstractTransferListenerAdapter - Downloaded https://maven.aliyun.com/repository/public/org/assertj/assertj-core/3.16.1/assertj-core-3.16.1.jar
2026-07-27 19:00:07,761 [Worker-7: Updating Maven Project] INFO  o.e.m.c.i.e.AbstractTransferListenerAdapter - Downloading https://maven.aliyun.com/repository/public/org/hamcrest/hamcrest/2.2/hamcrest-2.2.jar
2026-07-27 19:00:07,778 [Worker-7: Updating Maven Project] INFO  o.e.m.c.i.e.AbstractTransferListenerAdapter - Downloaded https://maven.aliyun.com/repository/public/org/hamcrest/hamcrest/2.2/hamcrest-2.2.jar
2026-07-27 19:00:07,812 [Worker-7: Updating Maven Project] INFO  o.e.m.c.i.e.AbstractTransferListenerAdapter - Downloading https://maven.aliyun.com/repository/public/org/junit/jupiter/junit-jupiter/5.6.2/junit-jupiter-5.6.2.jar
2026-07-27 19:00:07,886 [Worker-7: Updating Maven Project] INFO  o.e.m.c.i.e.AbstractTransferListenerAdapter - Downloaded https://maven.aliyun.com/repository/public/org/junit/jupiter/junit-jupiter/5.6.2/junit-jupiter-5.6.2.jar
2026-07-27 19:00:07,902 [Worker-7: Updating Maven Project] INFO  o.e.m.c.i.e.AbstractTransferListenerAdapter - Downloading https://maven.aliyun.com/repository/public/org/junit/jupiter/junit-jupiter-api/5.6.2/junit-jupiter-api-5.6.2.jar
2026-07-27 19:00:07,968 [Worker-7: Updating Maven Project] INFO  o.e.m.c.i.e.AbstractTransferListenerAdapter - Downloaded https://maven.aliyun.com/repository/public/org/junit/jupiter/junit-jupiter-api/5.6.2/junit-jupiter-api-5.6.2.jar
2026-07-27 19:00:08,002 [Worker-7: Updating Maven Project] INFO  o.e.m.c.i.e.AbstractTransferListenerAdapter - Downloading https://maven.aliyun.com/repository/public/org/opentest4j/opentest4j/1.2.0/opentest4j-1.2.0.jar
2026-07-27 19:00:08,038 [Worker-7: Updating Maven Project] INFO  o.e.m.c.i.e.AbstractTransferListenerAdapter - Downloaded https://maven.aliyun.com/repository/public/org/opentest4j/opentest4j/1.2.0/opentest4j-1.2.0.jar
2026-07-27 19:00:08,054 [Worker-7: Updating Maven Project] INFO  o.e.m.c.i.e.AbstractTransferListenerAdapter - Downloading https://maven.aliyun.com/repository/public/org/junit/platform/junit-platform-commons/1.6.2/junit-platform-commons-1.6.2.jar
2026-07-27 19:00:08,097 [Worker-7: Updating Maven Project] INFO  o.e.m.c.i.e.AbstractTransferListenerAdapter - Downloaded https://maven.aliyun.com/repository/public/org/junit/platform/junit-platform-commons/1.6.2/junit-platform-commons-1.6.2.jar
2026-07-27 19:00:08,150 [Worker-7: Updating Maven Project] INFO  o.e.m.c.i.e.AbstractTransferListenerAdapter - Downloading https://maven.aliyun.com/repository/public/org/junit/jupiter/junit-jupiter-params/5.6.2/junit-jupiter-params-5.6.2.jar
2026-07-27 19:00:08,206 [Worker-7: Updating Maven Project] INFO  o.e.m.c.i.e.AbstractTransferListenerAdapter - Downloaded https://maven.aliyun.com/repository/public/org/junit/jupiter/junit-jupiter-params/5.6.2/junit-jupiter-params-5.6.2.jar
2026-07-27 19:00:08,219 [Worker-7: Updating Maven Project] INFO  o.e.m.c.i.e.AbstractTransferListenerAdapter - Downloading https://maven.aliyun.com/repository/public/org/junit/jupiter/junit-jupiter-engine/5.6.2/junit-jupiter-engine-5.6.2.jar
2026-07-27 19:00:08,538 [Worker-7: Updating Maven Project] INFO  o.e.m.c.i.e.AbstractTransferListenerAdapter - Downloaded https://maven.aliyun.com/repository/public/org/junit/jupiter/junit-jupiter-engine/5.6.2/junit-jupiter-engine-5.6.2.jar
2026-07-27 19:00:08,572 [Worker-7: Updating Maven Project] INFO  o.e.m.c.i.e.AbstractTransferListenerAdapter - Downloading https://maven.aliyun.com/repository/public/org/junit/vintage/junit-vintage-engine/5.6.2/junit-vintage-engine-5.6.2.jar
2026-07-27 19:00:08,909 [Worker-7: Updating Maven Project] INFO  o.e.m.c.i.e.AbstractTransferListenerAdapter - Downloaded https://maven.aliyun.com/repository/public/org/junit/vintage/junit-vintage-engine/5.6.2/junit-vintage-engine-5.6.2.jar
2026-07-27 19:00:08,922 [Worker-7: Updating Maven Project] INFO  o.e.m.c.i.e.AbstractTransferListenerAdapter - Downloading https://maven.aliyun.com/repository/public/org/apiguardian/apiguardian-api/1.1.0/apiguardian-api-1.1.0.jar
2026-07-27 19:00:08,961 [Worker-7: Updating Maven Project] INFO  o.e.m.c.i.e.AbstractTransferListenerAdapter - Downloaded https://maven.aliyun.com/repository/public/org/apiguardian/apiguardian-api/1.1.0/apiguardian-api-1.1.0.jar
2026-07-27 19:00:08,977 [Worker-7: Updating Maven Project] INFO  o.e.m.c.i.e.AbstractTransferListenerAdapter - Downloading https://maven.aliyun.com/repository/public/org/junit/platform/junit-platform-engine/1.6.2/junit-platform-engine-1.6.2.jar
2026-07-27 19:00:09,020 [Worker-7: Updating Maven Project] INFO  o.e.m.c.i.e.AbstractTransferListenerAdapter - Downloaded https://maven.aliyun.com/repository/public/org/junit/platform/junit-platform-engine/1.6.2/junit-platform-engine-1.6.2.jar
2026-07-27 19:00:09,038 [Worker-7: Updating Maven Project] INFO  o.e.m.c.i.e.AbstractTransferListenerAdapter - Downloading https://maven.aliyun.com/repository/public/junit/junit/4.13/junit-4.13.jar
2026-07-27 19:00:09,102 [Worker-7: Updating Maven Project] INFO  o.e.m.c.i.e.AbstractTransferListenerAdapter - Downloaded https://maven.aliyun.com/repository/public/junit/junit/4.13/junit-4.13.jar
2026-07-27 19:00:09,157 [Worker-7: Updating Maven Project] INFO  o.e.m.c.i.e.AbstractTransferListenerAdapter - Downloading https://maven.aliyun.com/repository/public/org/mockito/mockito-core/3.3.3/mockito-core-3.3.3.jar
2026-07-27 19:00:09,232 [Worker-7: Updating Maven Project] INFO  o.e.m.c.i.e.AbstractTransferListenerAdapter - Downloaded https://maven.aliyun.com/repository/public/org/mockito/mockito-core/3.3.3/mockito-core-3.3.3.jar
2026-07-27 19:00:09,282 [Worker-7: Updating Maven Project] INFO  o.e.m.c.i.e.AbstractTransferListenerAdapter - Downloading https://maven.aliyun.com/repository/public/net/bytebuddy/byte-buddy/1.10.10/byte-buddy-1.10.10.jar
2026-07-27 19:00:09,696 [Worker-7: Updating Maven Project] INFO  o.e.m.c.i.e.AbstractTransferListenerAdapter - Downloaded https://maven.aliyun.com/repository/public/net/bytebuddy/byte-buddy/1.10.10/byte-buddy-1.10.10.jar
2026-07-27 19:00:09,727 [Worker-7: Updating Maven Project] INFO  o.e.m.c.i.e.AbstractTransferListenerAdapter - Downloading https://maven.aliyun.com/repository/public/net/bytebuddy/byte-buddy-agent/1.10.10/byte-buddy-agent-1.10.10.jar
2026-07-27 19:00:10,057 [Worker-7: Updating Maven Project] INFO  o.e.m.c.i.e.AbstractTransferListenerAdapter - Downloaded https://maven.aliyun.com/repository/public/net/bytebuddy/byte-buddy-agent/1.10.10/byte-buddy-agent-1.10.10.jar
2026-07-27 19:00:10,070 [Worker-7: Updating Maven Project] INFO  o.e.m.c.i.e.AbstractTransferListenerAdapter - Downloading https://maven.aliyun.com/repository/public/org/objenesis/objenesis/2.6/objenesis-2.6.jar
2026-07-27 19:00:10,098 [Worker-7: Updating Maven Project] INFO  o.e.m.c.i.e.AbstractTransferListenerAdapter - Downloaded https://maven.aliyun.com/repository/public/org/objenesis/objenesis/2.6/objenesis-2.6.jar
2026-07-27 19:00:10,127 [Worker-7: Updating Maven Project] INFO  o.e.m.c.i.e.AbstractTransferListenerAdapter - Downloading https://maven.aliyun.com/repository/public/org/mockito/mockito-junit-jupiter/3.3.3/mockito-junit-jupiter-3.3.3.jar
2026-07-27 19:00:10,424 [Worker-7: Updating Maven Project] INFO  o.e.m.c.i.e.AbstractTransferListenerAdapter - Downloaded https://maven.aliyun.com/repository/public/org/mockito/mockito-junit-jupiter/3.3.3/mockito-junit-jupiter-3.3.3.jar
2026-07-27 19:00:10,458 [Worker-7: Updating Maven Project] INFO  o.e.m.c.i.e.AbstractTransferListenerAdapter - Downloading https://maven.aliyun.com/repository/public/org/skyscreamer/jsonassert/1.5.0/jsonassert-1.5.0.jar
2026-07-27 19:00:10,501 [Worker-7: Updating Maven Project] INFO  o.e.m.c.i.e.AbstractTransferListenerAdapter - Downloaded https://maven.aliyun.com/repository/public/org/skyscreamer/jsonassert/1.5.0/jsonassert-1.5.0.jar
2026-07-27 19:00:10,515 [Worker-7: Updating Maven Project] INFO  o.e.m.c.i.e.AbstractTransferListenerAdapter - Downloading https://maven.aliyun.com/repository/public/com/vaadin/external/google/android-json/0.0.20131108.vaadin1/android-json-0.0.20131108.vaadin1.jar
2026-07-27 19:00:10,791 [Worker-7: Updating Maven Project] INFO  o.e.m.c.i.e.AbstractTransferListenerAdapter - Downloaded https://maven.aliyun.com/repository/public/com/vaadin/external/google/android-json/0.0.20131108.vaadin1/android-json-0.0.20131108.vaadin1.jar
2026-07-27 19:00:10,804 [Worker-7: Updating Maven Project] INFO  o.e.m.c.i.e.AbstractTransferListenerAdapter - Downloading https://maven.aliyun.com/repository/public/org/springframework/spring-core/5.2.6.RELEASE/spring-core-5.2.6.RELEASE.jar
2026-07-27 19:00:10,923 [Worker-7: Updating Maven Project] INFO  o.e.m.c.i.e.AbstractTransferListenerAdapter - Downloaded https://maven.aliyun.com/repository/public/org/springframework/spring-core/5.2.6.RELEASE/spring-core-5.2.6.RELEASE.jar
2026-07-27 19:00:10,935 [Worker-7: Updating Maven Project] INFO  o.e.m.c.i.e.AbstractTransferListenerAdapter - Downloading https://maven.aliyun.com/repository/public/org/springframework/spring-jcl/5.2.6.RELEASE/spring-jcl-5.2.6.RELEASE.jar
2026-07-27 19:00:10,966 [Worker-7: Updating Maven Project] INFO  o.e.m.c.i.e.AbstractTransferListenerAdapter - Downloaded https://maven.aliyun.com/repository/public/org/springframework/spring-jcl/5.2.6.RELEASE/spring-jcl-5.2.6.RELEASE.jar
2026-07-27 19:00:11,001 [Worker-7: Updating Maven Project] INFO  o.e.m.c.i.e.AbstractTransferListenerAdapter - Downloading https://maven.aliyun.com/repository/public/org/springframework/spring-test/5.2.6.RELEASE/spring-test-5.2.6.RELEASE.jar
2026-07-27 19:00:11,076 [Worker-7: Updating Maven Project] INFO  o.e.m.c.i.e.AbstractTransferListenerAdapter - Downloaded https://maven.aliyun.com/repository/public/org/springframework/spring-test/5.2.6.RELEASE/spring-test-5.2.6.RELEASE.jar
2026-07-27 19:00:11,094 [Worker-7: Updating Maven Project] INFO  o.e.m.c.i.e.AbstractTransferListenerAdapter - Downloading https://maven.aliyun.com/repository/public/org/xmlunit/xmlunit-core/2.7.0/xmlunit-core-2.7.0.jar
2026-07-27 19:00:11,355 [Worker-7: Updating Maven Project] INFO  o.e.m.c.i.e.AbstractTransferListenerAdapter - Downloaded https://maven.aliyun.com/repository/public/org/xmlunit/xmlunit-core/2.7.0/xmlunit-core-2.7.0.jar
2026-07-27 19:00:11,448 [Worker-7: Updating Maven Project] INFO  o.e.m.c.i.e.AbstractTransferListenerAdapter - Downloading https://maven.aliyun.com/repository/public/org/projectlombok/lombok/1.18.12/lombok-1.18.12.jar
2026-07-27 19:00:11,591 [Worker-7: Updating Maven Project] INFO  o.e.m.c.i.e.AbstractTransferListenerAdapter - Downloaded https://maven.aliyun.com/repository/public/org/projectlombok/lombok/1.18.12/lombok-1.18.12.jar
2026-07-27 19:00:11,622 [Worker-7: Updating Maven Project] INFO  o.e.m.c.i.e.AbstractTransferListenerAdapter - Downloading https://maven.aliyun.com/repository/public/mysql/mysql-connector-java/8.0.20/mysql-connector-java-8.0.20.jar
2026-07-27 19:00:11,773 [Worker-7: Updating Maven Project] INFO  o.e.m.c.i.e.AbstractTransferListenerAdapter - Downloaded https://maven.aliyun.com/repository/public/mysql/mysql-connector-java/8.0.20/mysql-connector-java-8.0.20.jar
2026-07-27 19:00:11,819 [Worker-7: Updating Maven Project] INFO  o.e.m.c.i.e.AbstractTransferListenerAdapter - Downloading https://maven.aliyun.com/repository/public/com/github/pagehelper/pagehelper/5.1.10/pagehelper-5.1.10.jar
2026-07-27 19:00:12,127 [Worker-7: Updating Maven Project] INFO  o.e.m.c.i.e.AbstractTransferListenerAdapter - Downloaded https://maven.aliyun.com/repository/public/com/github/pagehelper/pagehelper/5.1.10/pagehelper-5.1.10.jar
2026-07-27 19:00:12,192 [Worker-7: Updating Maven Project] INFO  o.e.m.c.i.e.AbstractTransferListenerAdapter - Downloading https://maven.aliyun.com/repository/public/com/github/jsqlparser/jsqlparser/2.1/jsqlparser-2.1.jar
2026-07-27 19:00:12,241 [Worker-7: Updating Maven Project] INFO  o.e.m.c.i.e.AbstractTransferListenerAdapter - Downloaded https://maven.aliyun.com/repository/public/com/github/jsqlparser/jsqlparser/2.1/jsqlparser-2.1.jar
2026-07-27 19:00:12,270 [Worker-7: Updating Maven Project] INFO  o.e.m.c.i.e.AbstractTransferListenerAdapter - Downloading https://maven.aliyun.com/repository/public/com/baomidou/mybatis-plus-boot-starter/3.2.0/mybatis-plus-boot-starter-3.2.0.jar
2026-07-27 19:00:12,325 [Worker-7: Updating Maven Project] INFO  o.e.m.c.i.e.AbstractTransferListenerAdapter - Downloaded https://maven.aliyun.com/repository/public/com/baomidou/mybatis-plus-boot-starter/3.2.0/mybatis-plus-boot-starter-3.2.0.jar
2026-07-27 19:00:12,365 [Worker-7: Updating Maven Project] INFO  o.e.m.c.i.e.AbstractTransferListenerAdapter - Downloading https://maven.aliyun.com/repository/public/com/baomidou/mybatis-plus/3.2.0/mybatis-plus-3.2.0.jar
2026-07-27 19:00:12,403 [Worker-7: Updating Maven Project] INFO  o.e.m.c.i.e.AbstractTransferListenerAdapter - Downloaded https://maven.aliyun.com/repository/public/com/baomidou/mybatis-plus/3.2.0/mybatis-plus-3.2.0.jar
2026-07-27 19:00:12,437 [Worker-7: Updating Maven Project] INFO  o.e.m.c.i.e.AbstractTransferListenerAdapter - Downloading https://maven.aliyun.com/repository/public/com/baomidou/mybatis-plus-extension/3.2.0/mybatis-plus-extension-3.2.0.jar
2026-07-27 19:00:12,475 [Worker-7: Updating Maven Project] INFO  o.e.m.c.i.e.AbstractTransferListenerAdapter - Downloaded https://maven.aliyun.com/repository/public/com/baomidou/mybatis-plus-extension/3.2.0/mybatis-plus-extension-3.2.0.jar
2026-07-27 19:00:12,530 [Worker-7: Updating Maven Project] INFO  o.e.m.c.i.e.AbstractTransferListenerAdapter - Downloading https://maven.aliyun.com/repository/public/com/baomidou/mybatis-plus-core/3.2.0/mybatis-plus-core-3.2.0.jar
2026-07-27 19:00:12,576 [Worker-7: Updating Maven Project] INFO  o.e.m.c.i.e.AbstractTransferListenerAdapter - Downloaded https://maven.aliyun.com/repository/public/com/baomidou/mybatis-plus-core/3.2.0/mybatis-plus-core-3.2.0.jar
2026-07-27 19:00:12,617 [Worker-7: Updating Maven Project] INFO  o.e.m.c.i.e.AbstractTransferListenerAdapter - Downloading https://maven.aliyun.com/repository/public/com/baomidou/mybatis-plus-annotation/3.2.0/mybatis-plus-annotation-3.2.0.jar
2026-07-27 19:00:12,671 [Worker-7: Updating Maven Project] INFO  o.e.m.c.i.e.AbstractTransferListenerAdapter - Downloaded https://maven.aliyun.com/repository/public/com/baomidou/mybatis-plus-annotation/3.2.0/mybatis-plus-annotation-3.2.0.jar
2026-07-27 19:00:12,716 [Worker-7: Updating Maven Project] INFO  o.e.m.c.i.e.AbstractTransferListenerAdapter - Downloading https://maven.aliyun.com/repository/public/org/mybatis/mybatis/3.5.2/mybatis-3.5.2.jar
2026-07-27 19:00:12,829 [Worker-7: Updating Maven Project] INFO  o.e.m.c.i.e.AbstractTransferListenerAdapter - Downloaded https://maven.aliyun.com/repository/public/org/mybatis/mybatis/3.5.2/mybatis-3.5.2.jar
2026-07-27 19:00:12,886 [Worker-7: Updating Maven Project] INFO  o.e.m.c.i.e.AbstractTransferListenerAdapter - Downloading https://maven.aliyun.com/repository/public/org/mybatis/mybatis-spring/2.0.2/mybatis-spring-2.0.2.jar
2026-07-27 19:00:12,936 [Worker-7: Updating Maven Project] INFO  o.e.m.c.i.e.AbstractTransferListenerAdapter - Downloaded https://maven.aliyun.com/repository/public/org/mybatis/mybatis-spring/2.0.2/mybatis-spring-2.0.2.jar
2026-07-27 19:00:12,984 [Worker-7: Updating Maven Project] INFO  o.e.m.c.i.e.AbstractTransferListenerAdapter - Downloading https://maven.aliyun.com/repository/public/org/springframework/boot/spring-boot-autoconfigure/2.3.0.RELEASE/spring-boot-autoconfigure-2.3.0.RELEASE.jar
2026-07-27 19:00:13,461 [Worker-7: Updating Maven Project] INFO  o.e.m.c.i.e.AbstractTransferListenerAdapter - Downloaded https://maven.aliyun.com/repository/public/org/springframework/boot/spring-boot-autoconfigure/2.3.0.RELEASE/spring-boot-autoconfigure-2.3.0.RELEASE.jar
2026-07-27 19:00:13,803 [Worker-7: Updating Maven Project] INFO  o.e.m.c.i.e.AbstractTransferListenerAdapter - Downloading https://maven.aliyun.com/repository/public/org/springframework/boot/spring-boot-starter-jdbc/2.3.0.RELEASE/spring-boot-starter-jdbc-2.3.0.RELEASE.jar
2026-07-27 19:00:14,103 [Worker-7: Updating Maven Project] INFO  o.e.m.c.i.e.AbstractTransferListenerAdapter - Downloaded https://maven.aliyun.com/repository/public/org/springframework/boot/spring-boot-starter-jdbc/2.3.0.RELEASE/spring-boot-starter-jdbc-2.3.0.RELEASE.jar
2026-07-27 19:00:14,136 [Worker-7: Updating Maven Project] INFO  o.e.m.c.i.e.AbstractTransferListenerAdapter - Downloading https://maven.aliyun.com/repository/public/com/zaxxer/HikariCP/3.4.5/HikariCP-3.4.5.jar
2026-07-27 19:00:14,415 [Worker-7: Updating Maven Project] INFO  o.e.m.c.i.e.AbstractTransferListenerAdapter - Downloaded https://maven.aliyun.com/repository/public/com/zaxxer/HikariCP/3.4.5/HikariCP-3.4.5.jar
2026-07-27 19:00:14,440 [Worker-7: Updating Maven Project] INFO  o.e.m.c.i.e.AbstractTransferListenerAdapter - Downloading https://maven.aliyun.com/repository/public/org/springframework/spring-jdbc/5.2.6.RELEASE/spring-jdbc-5.2.6.RELEASE.jar
2026-07-27 19:00:14,499 [Worker-7: Updating Maven Project] INFO  o.e.m.c.i.e.AbstractTransferListenerAdapter - Downloaded https://maven.aliyun.com/repository/public/org/springframework/spring-jdbc/5.2.6.RELEASE/spring-jdbc-5.2.6.RELEASE.jar
2026-07-27 19:00:14,565 [Worker-7: Updating Maven Project] INFO  o.e.m.c.i.e.AbstractTransferListenerAdapter - Downloading https://maven.aliyun.com/repository/public/io/springfox/springfox-swagger2/2.7.0/springfox-swagger2-2.7.0.jar
2026-07-27 19:00:14,931 [Worker-7: Updating Maven Project] INFO  o.e.m.c.i.e.AbstractTransferListenerAdapter - Downloaded https://maven.aliyun.com/repository/public/io/springfox/springfox-swagger2/2.7.0/springfox-swagger2-2.7.0.jar
2026-07-27 19:00:14,966 [Worker-7: Updating Maven Project] INFO  o.e.m.c.i.e.AbstractTransferListenerAdapter - Downloading https://maven.aliyun.com/repository/public/io/swagger/swagger-annotations/1.5.13/swagger-annotations-1.5.13.jar
2026-07-27 19:00:15,303 [Worker-7: Updating Maven Project] INFO  o.e.m.c.i.e.AbstractTransferListenerAdapter - Downloaded https://maven.aliyun.com/repository/public/io/swagger/swagger-annotations/1.5.13/swagger-annotations-1.5.13.jar
2026-07-27 19:00:15,385 [Worker-7: Updating Maven Project] INFO  o.e.m.c.i.e.AbstractTransferListenerAdapter - Downloading https://maven.aliyun.com/repository/public/io/swagger/swagger-models/1.5.13/swagger-models-1.5.13.jar
2026-07-27 19:00:15,679 [Worker-7: Updating Maven Project] INFO  o.e.m.c.i.e.AbstractTransferListenerAdapter - Downloaded https://maven.aliyun.com/repository/public/io/swagger/swagger-models/1.5.13/swagger-models-1.5.13.jar
2026-07-27 19:00:15,693 [Worker-7: Updating Maven Project] INFO  o.e.m.c.i.e.AbstractTransferListenerAdapter - Downloading https://maven.aliyun.com/repository/public/com/fasterxml/jackson/core/jackson-annotations/2.11.0/jackson-annotations-2.11.0.jar
2026-07-27 19:00:15,988 [Worker-7: Updating Maven Project] INFO  o.e.m.c.i.e.AbstractTransferListenerAdapter - Downloaded https://maven.aliyun.com/repository/public/com/fasterxml/jackson/core/jackson-annotations/2.11.0/jackson-annotations-2.11.0.jar
2026-07-27 19:00:16,013 [Worker-7: Updating Maven Project] INFO  o.e.m.c.i.e.AbstractTransferListenerAdapter - Downloading https://maven.aliyun.com/repository/public/io/springfox/springfox-spi/2.7.0/springfox-spi-2.7.0.jar
2026-07-27 19:00:16,373 [Worker-7: Updating Maven Project] INFO  o.e.m.c.i.e.AbstractTransferListenerAdapter - Downloaded https://maven.aliyun.com/repository/public/io/springfox/springfox-spi/2.7.0/springfox-spi-2.7.0.jar
2026-07-27 19:00:16,410 [Worker-7: Updating Maven Project] INFO  o.e.m.c.i.e.AbstractTransferListenerAdapter - Downloading https://maven.aliyun.com/repository/public/io/springfox/springfox-core/2.7.0/springfox-core-2.7.0.jar
2026-07-27 19:00:16,669 [Worker-7: Updating Maven Project] INFO  o.e.m.c.i.e.AbstractTransferListenerAdapter - Downloaded https://maven.aliyun.com/repository/public/io/springfox/springfox-core/2.7.0/springfox-core-2.7.0.jar
2026-07-27 19:00:16,711 [Worker-7: Updating Maven Project] INFO  o.e.m.c.i.e.AbstractTransferListenerAdapter - Downloading https://maven.aliyun.com/repository/public/io/springfox/springfox-schema/2.7.0/springfox-schema-2.7.0.jar
2026-07-27 19:00:17,076 [Worker-7: Updating Maven Project] INFO  o.e.m.c.i.e.AbstractTransferListenerAdapter - Downloaded https://maven.aliyun.com/repository/public/io/springfox/springfox-schema/2.7.0/springfox-schema-2.7.0.jar
2026-07-27 19:00:17,114 [Worker-7: Updating Maven Project] INFO  o.e.m.c.i.e.AbstractTransferListenerAdapter - Downloading https://maven.aliyun.com/repository/public/io/springfox/springfox-swagger-common/2.7.0/springfox-swagger-common-2.7.0.jar
2026-07-27 19:00:17,424 [Worker-7: Updating Maven Project] INFO  o.e.m.c.i.e.AbstractTransferListenerAdapter - Downloaded https://maven.aliyun.com/repository/public/io/springfox/springfox-swagger-common/2.7.0/springfox-swagger-common-2.7.0.jar
2026-07-27 19:00:17,490 [Worker-7: Updating Maven Project] INFO  o.e.m.c.i.e.AbstractTransferListenerAdapter - Downloading https://maven.aliyun.com/repository/public/io/springfox/springfox-spring-web/2.7.0/springfox-spring-web-2.7.0.jar
2026-07-27 19:00:17,791 [Worker-7: Updating Maven Project] INFO  o.e.m.c.i.e.AbstractTransferListenerAdapter - Downloaded https://maven.aliyun.com/repository/public/io/springfox/springfox-spring-web/2.7.0/springfox-spring-web-2.7.0.jar
2026-07-27 19:00:17,806 [Worker-7: Updating Maven Project] INFO  o.e.m.c.i.e.AbstractTransferListenerAdapter - Downloading https://maven.aliyun.com/repository/public/org/reflections/reflections/0.9.11/reflections-0.9.11.jar
2026-07-27 19:00:18,212 [Worker-7: Updating Maven Project] INFO  o.e.m.c.i.e.AbstractTransferListenerAdapter - Downloaded https://maven.aliyun.com/repository/public/org/reflections/reflections/0.9.11/reflections-0.9.11.jar
2026-07-27 19:00:18,238 [Worker-7: Updating Maven Project] INFO  o.e.m.c.i.e.AbstractTransferListenerAdapter - Downloading https://maven.aliyun.com/repository/public/org/javassist/javassist/3.21.0-GA/javassist-3.21.0-GA.jar
2026-07-27 19:00:18,330 [Worker-7: Updating Maven Project] INFO  o.e.m.c.i.e.AbstractTransferListenerAdapter - Downloaded https://maven.aliyun.com/repository/public/org/javassist/javassist/3.21.0-GA/javassist-3.21.0-GA.jar
2026-07-27 19:00:18,373 [Worker-7: Updating Maven Project] INFO  o.e.m.c.i.e.AbstractTransferListenerAdapter - Downloading https://maven.aliyun.com/repository/public/com/google/guava/guava/18.0/guava-18.0.jar
2026-07-27 19:00:18,556 [Worker-7: Updating Maven Project] INFO  o.e.m.c.i.e.AbstractTransferListenerAdapter - Downloaded https://maven.aliyun.com/repository/public/com/google/guava/guava/18.0/guava-18.0.jar
2026-07-27 19:00:18,582 [Worker-7: Updating Maven Project] INFO  o.e.m.c.i.e.AbstractTransferListenerAdapter - Downloading https://maven.aliyun.com/repository/public/com/fasterxml/classmate/1.5.1/classmate-1.5.1.jar
2026-07-27 19:00:18,601 [Worker-7: Updating Maven Project] INFO  o.e.m.c.i.e.AbstractTransferListenerAdapter - Downloaded https://maven.aliyun.com/repository/public/com/fasterxml/classmate/1.5.1/classmate-1.5.1.jar
2026-07-27 19:00:18,613 [Worker-7: Updating Maven Project] INFO  o.e.m.c.i.e.AbstractTransferListenerAdapter - Downloading https://maven.aliyun.com/repository/public/org/slf4j/slf4j-api/1.7.30/slf4j-api-1.7.30.jar
2026-07-27 19:00:18,647 [Worker-7: Updating Maven Project] INFO  o.e.m.c.i.e.AbstractTransferListenerAdapter - Downloaded https://maven.aliyun.com/repository/public/org/slf4j/slf4j-api/1.7.30/slf4j-api-1.7.30.jar
2026-07-27 19:00:18,690 [Worker-7: Updating Maven Project] INFO  o.e.m.c.i.e.AbstractTransferListenerAdapter - Downloading https://maven.aliyun.com/repository/public/org/springframework/plugin/spring-plugin-core/1.2.0.RELEASE/spring-plugin-core-1.2.0.RELEASE.jar
2026-07-27 19:00:18,736 [Worker-7: Updating Maven Project] INFO  o.e.m.c.i.e.AbstractTransferListenerAdapter - Downloaded https://maven.aliyun.com/repository/public/org/springframework/plugin/spring-plugin-core/1.2.0.RELEASE/spring-plugin-core-1.2.0.RELEASE.jar
2026-07-27 19:00:18,847 [Worker-7: Updating Maven Project] INFO  o.e.m.c.i.e.AbstractTransferListenerAdapter - Downloading https://maven.aliyun.com/repository/public/org/springframework/plugin/spring-plugin-metadata/1.2.0.RELEASE/spring-plugin-metadata-1.2.0.RELEASE.jar
2026-07-27 19:00:18,886 [Worker-7: Updating Maven Project] INFO  o.e.m.c.i.e.AbstractTransferListenerAdapter - Downloaded https://maven.aliyun.com/repository/public/org/springframework/plugin/spring-plugin-metadata/1.2.0.RELEASE/spring-plugin-metadata-1.2.0.RELEASE.jar
2026-07-27 19:00:18,922 [Worker-7: Updating Maven Project] INFO  o.e.m.c.i.e.AbstractTransferListenerAdapter - Downloading https://maven.aliyun.com/repository/public/org/mapstruct/mapstruct/1.1.0.Final/mapstruct-1.1.0.Final.jar
2026-07-27 19:00:19,232 [Worker-7: Updating Maven Project] INFO  o.e.m.c.i.e.AbstractTransferListenerAdapter - Downloaded https://maven.aliyun.com/repository/public/org/mapstruct/mapstruct/1.1.0.Final/mapstruct-1.1.0.Final.jar
2026-07-27 19:00:19,245 [Worker-7: Updating Maven Project] INFO  o.e.m.c.i.e.AbstractTransferListenerAdapter - Downloading https://maven.aliyun.com/repository/public/org/apache/commons/commons-lang3/3.5/commons-lang3-3.5.jar
2026-07-27 19:00:19,574 [Worker-7: Updating Maven Project] INFO  o.e.m.c.i.e.AbstractTransferListenerAdapter - Downloaded https://maven.aliyun.com/repository/public/org/apache/commons/commons-lang3/3.5/commons-lang3-3.5.jar
2026-07-27 19:00:19,608 [Worker-7: Updating Maven Project] INFO  o.e.m.c.i.e.AbstractTransferListenerAdapter - Downloading https://maven.aliyun.com/repository/public/org/springframework/boot/spring-boot-starter-security/2.3.0.RELEASE/spring-boot-starter-security-2.3.0.RELEASE.jar
2026-07-27 19:00:19,914 [Worker-7: Updating Maven Project] INFO  o.e.m.c.i.e.AbstractTransferListenerAdapter - Downloaded https://maven.aliyun.com/repository/public/org/springframework/boot/spring-boot-starter-security/2.3.0.RELEASE/spring-boot-starter-security-2.3.0.RELEASE.jar
2026-07-27 19:00:19,957 [Worker-7: Updating Maven Project] INFO  o.e.m.c.i.e.AbstractTransferListenerAdapter - Downloading https://maven.aliyun.com/repository/public/org/springframework/spring-aop/5.2.6.RELEASE/spring-aop-5.2.6.RELEASE.jar
2026-07-27 19:00:19,998 [Worker-7: Updating Maven Project] INFO  o.e.m.c.i.e.AbstractTransferListenerAdapter - Downloaded https://maven.aliyun.com/repository/public/org/springframework/spring-aop/5.2.6.RELEASE/spring-aop-5.2.6.RELEASE.jar
2026-07-27 19:00:20,030 [Worker-7: Updating Maven Project] INFO  o.e.m.c.i.e.AbstractTransferListenerAdapter - Downloading https://maven.aliyun.com/repository/public/org/springframework/security/spring-security-config/5.3.2.RELEASE/spring-security-config-5.3.2.RELEASE.jar
2026-07-27 19:00:20,442 [Worker-7: Updating Maven Project] INFO  o.e.m.c.i.e.AbstractTransferListenerAdapter - Downloaded https://maven.aliyun.com/repository/public/org/springframework/security/spring-security-config/5.3.2.RELEASE/spring-security-config-5.3.2.RELEASE.jar
2026-07-27 19:00:20,493 [Worker-7: Updating Maven Project] INFO  o.e.m.c.i.e.AbstractTransferListenerAdapter - Downloading https://maven.aliyun.com/repository/public/org/springframework/security/spring-security-web/5.3.2.RELEASE/spring-security-web-5.3.2.RELEASE.jar
2026-07-27 19:00:20,853 [Worker-7: Updating Maven Project] INFO  o.e.m.c.i.e.AbstractTransferListenerAdapter - Downloaded https://maven.aliyun.com/repository/public/org/springframework/security/spring-security-web/5.3.2.RELEASE/spring-security-web-5.3.2.RELEASE.jar
2026-07-27 19:00:20,902 [Worker-7: Updating Maven Project] INFO  o.e.m.c.i.e.AbstractTransferListenerAdapter - Downloading https://maven.aliyun.com/repository/public/com/github/penggle/kaptcha/2.3.2/kaptcha-2.3.2.jar
2026-07-27 19:00:20,945 [Worker-7: Updating Maven Project] INFO  o.e.m.c.i.e.AbstractTransferListenerAdapter - Downloaded https://maven.aliyun.com/repository/public/com/github/penggle/kaptcha/2.3.2/kaptcha-2.3.2.jar
2026-07-27 19:00:20,957 [Worker-7: Updating Maven Project] INFO  o.e.m.c.i.e.AbstractTransferListenerAdapter - Downloading https://maven.aliyun.com/repository/public/javax/servlet/javax.servlet-api/4.0.1/javax.servlet-api-4.0.1.jar
2026-07-27 19:00:21,002 [Worker-7: Updating Maven Project] INFO  o.e.m.c.i.e.AbstractTransferListenerAdapter - Downloaded https://maven.aliyun.com/repository/public/javax/servlet/javax.servlet-api/4.0.1/javax.servlet-api-4.0.1.jar
2026-07-27 19:00:21,028 [Worker-7: Updating Maven Project] INFO  o.e.m.c.i.e.AbstractTransferListenerAdapter - Downloading https://maven.aliyun.com/repository/public/com/jhlabs/filters/2.0.235-1/filters-2.0.235-1.jar
2026-07-27 19:00:21,056 [Worker-7: Updating Maven Project] INFO  o.e.m.c.i.e.AbstractTransferListenerAdapter - Downloaded https://maven.aliyun.com/repository/public/com/jhlabs/filters/2.0.235-1/filters-2.0.235-1.jar
2026-07-27 19:00:21,402 [Worker-7: Updating Maven Project] INFO  o.e.m.c.i.e.AbstractTransferListenerAdapter - Downloading https://maven.aliyun.com/repository/public/org/springframework/security/spring-security-taglibs/5.3.2.RELEASE/spring-security-taglibs-5.3.2.RELEASE.jar
2026-07-27 19:00:21,717 [Worker-7: Updating Maven Project] INFO  o.e.m.c.i.e.AbstractTransferListenerAdapter - Downloaded https://maven.aliyun.com/repository/public/org/springframework/security/spring-security-taglibs/5.3.2.RELEASE/spring-security-taglibs-5.3.2.RELEASE.jar
2026-07-27 19:00:22,161 [Worker-7: Updating Maven Project] INFO  o.e.m.c.i.e.AbstractTransferListenerAdapter - Downloading https://maven.aliyun.com/repository/public/org/springframework/security/spring-security-acl/5.3.2.RELEASE/spring-security-acl-5.3.2.RELEASE.jar
2026-07-27 19:00:22,519 [Worker-7: Updating Maven Project] INFO  o.e.m.c.i.e.AbstractTransferListenerAdapter - Downloaded https://maven.aliyun.com/repository/public/org/springframework/security/spring-security-acl/5.3.2.RELEASE/spring-security-acl-5.3.2.RELEASE.jar
2026-07-27 19:00:22,539 [Worker-7: Updating Maven Project] INFO  o.e.m.c.i.e.AbstractTransferListenerAdapter - Downloading https://maven.aliyun.com/repository/public/org/springframework/spring-tx/5.2.6.RELEASE/spring-tx-5.2.6.RELEASE.jar
2026-07-27 19:00:22,582 [Worker-7: Updating Maven Project] INFO  o.e.m.c.i.e.AbstractTransferListenerAdapter - Downloaded https://maven.aliyun.com/repository/public/org/springframework/spring-tx/5.2.6.RELEASE/spring-tx-5.2.6.RELEASE.jar
2026-07-27 19:00:22,610 [Worker-7: Updating Maven Project] INFO  o.e.m.c.i.e.AbstractTransferListenerAdapter - Downloading https://maven.aliyun.com/repository/public/org/springframework/security/spring-security-core/5.3.2.RELEASE/spring-security-core-5.3.2.RELEASE.jar
2026-07-27 19:00:22,940 [Worker-7: Updating Maven Project] INFO  o.e.m.c.i.e.AbstractTransferListenerAdapter - Downloaded https://maven.aliyun.com/repository/public/org/springframework/security/spring-security-core/5.3.2.RELEASE/spring-security-core-5.3.2.RELEASE.jar
2026-07-27 19:00:22,964 [Worker-7: Updating Maven Project] INFO  o.e.m.c.i.e.AbstractTransferListenerAdapter - Downloading https://maven.aliyun.com/repository/public/org/springframework/spring-beans/5.2.6.RELEASE/spring-beans-5.2.6.RELEASE.jar
2026-07-27 19:00:23,053 [Worker-7: Updating Maven Project] INFO  o.e.m.c.i.e.AbstractTransferListenerAdapter - Downloaded https://maven.aliyun.com/repository/public/org/springframework/spring-beans/5.2.6.RELEASE/spring-beans-5.2.6.RELEASE.jar
2026-07-27 19:00:23,071 [Worker-7: Updating Maven Project] INFO  o.e.m.c.i.e.AbstractTransferListenerAdapter - Downloading https://maven.aliyun.com/repository/public/org/springframework/spring-context/5.2.6.RELEASE/spring-context-5.2.6.RELEASE.jar
2026-07-27 19:00:23,176 [Worker-7: Updating Maven Project] INFO  o.e.m.c.i.e.AbstractTransferListenerAdapter - Downloaded https://maven.aliyun.com/repository/public/org/springframework/spring-context/5.2.6.RELEASE/spring-context-5.2.6.RELEASE.jar
2026-07-27 19:00:23,190 [Worker-7: Updating Maven Project] INFO  o.e.m.c.i.e.AbstractTransferListenerAdapter - Downloading https://maven.aliyun.com/repository/public/org/springframework/spring-expression/5.2.6.RELEASE/spring-expression-5.2.6.RELEASE.jar
2026-07-27 19:00:23,253 [Worker-7: Updating Maven Project] INFO  o.e.m.c.i.e.AbstractTransferListenerAdapter - Downloaded https://maven.aliyun.com/repository/public/org/springframework/spring-expression/5.2.6.RELEASE/spring-expression-5.2.6.RELEASE.jar
2026-07-27 19:00:23,281 [Worker-7: Updating Maven Project] INFO  o.e.m.c.i.e.AbstractTransferListenerAdapter - Downloading https://maven.aliyun.com/repository/public/javax/servlet/jsp/jsp-api/2.2.1-b03/jsp-api-2.2.1-b03.jar
2026-07-27 19:00:23,630 [Worker-7: Updating Maven Project] INFO  o.e.m.c.i.e.AbstractTransferListenerAdapter - Downloaded https://maven.aliyun.com/repository/public/javax/servlet/jsp/jsp-api/2.2.1-b03/jsp-api-2.2.1-b03.jar
2026-07-27 19:00:27,412 [Worker-7: Updating Maven Project] INFO  o.e.m.c.i.e.AbstractTransferListenerAdapter - Downloading https://maven.aliyun.com/repository/public/org/apache/maven/plugins/maven-resources-plugin/3.1.0/maven-resources-plugin-3.1.0.pom
2026-07-27 19:00:27,451 [Worker-7: Updating Maven Project] INFO  o.e.m.c.i.e.AbstractTransferListenerAdapter - Downloaded https://maven.aliyun.com/repository/public/org/apache/maven/plugins/maven-resources-plugin/3.1.0/maven-resources-plugin-3.1.0.pom
2026-07-27 19:00:27,473 [Worker-7: Updating Maven Project] INFO  o.e.m.c.i.e.AbstractTransferListenerAdapter - Downloading https://maven.aliyun.com/repository/public/org/apache/maven/plugins/maven-plugins/31/maven-plugins-31.pom
2026-07-27 19:00:27,535 [Worker-7: Updating Maven Project] INFO  o.e.m.c.i.e.AbstractTransferListenerAdapter - Downloaded https://maven.aliyun.com/repository/public/org/apache/maven/plugins/maven-plugins/31/maven-plugins-31.pom
2026-07-27 19:00:27,558 [Worker-7: Updating Maven Project] INFO  o.e.m.c.i.e.AbstractTransferListenerAdapter - Downloading https://maven.aliyun.com/repository/public/org/apache/maven/maven-parent/31/maven-parent-31.pom
2026-07-27 19:00:27,604 [Worker-7: Updating Maven Project] INFO  o.e.m.c.i.e.AbstractTransferListenerAdapter - Downloaded https://maven.aliyun.com/repository/public/org/apache/maven/maven-parent/31/maven-parent-31.pom
2026-07-27 19:00:27,672 [Worker-7: Updating Maven Project] INFO  o.e.m.c.i.e.AbstractTransferListenerAdapter - Downloading https://maven.aliyun.com/repository/public/org/apache/apache/19/apache-19.pom
2026-07-27 19:00:27,688 [Worker-7: Updating Maven Project] INFO  o.e.m.c.i.e.AbstractTransferListenerAdapter - Downloaded https://maven.aliyun.com/repository/public/org/apache/apache/19/apache-19.pom
2026-07-27 19:00:27,737 [Worker-7: Updating Maven Project] INFO  o.e.m.c.i.e.AbstractTransferListenerAdapter - Downloading https://maven.aliyun.com/repository/public/org/apache/maven/plugins/maven-surefire-plugin/2.22.2/maven-surefire-plugin-2.22.2.pom
2026-07-27 19:00:27,779 [Worker-7: Updating Maven Project] INFO  o.e.m.c.i.e.AbstractTransferListenerAdapter - Downloaded https://maven.aliyun.com/repository/public/org/apache/maven/plugins/maven-surefire-plugin/2.22.2/maven-surefire-plugin-2.22.2.pom
2026-07-27 19:00:27,811 [Worker-7: Updating Maven Project] INFO  o.e.m.c.i.e.AbstractTransferListenerAdapter - Downloading https://maven.aliyun.com/repository/public/org/apache/maven/surefire/surefire/2.22.2/surefire-2.22.2.pom
2026-07-27 19:00:27,834 [Worker-7: Updating Maven Project] INFO  o.e.m.c.i.e.AbstractTransferListenerAdapter - Downloaded https://maven.aliyun.com/repository/public/org/apache/maven/surefire/surefire/2.22.2/surefire-2.22.2.pom
2026-07-27 19:00:27,892 [Worker-7: Updating Maven Project] INFO  o.e.m.c.i.e.AbstractTransferListenerAdapter - Downloading https://maven.aliyun.com/repository/public/org/apache/maven/plugins/maven-jar-plugin/3.2.0/maven-jar-plugin-3.2.0.pom
2026-07-27 19:00:28,196 [Worker-7: Updating Maven Project] INFO  o.e.m.c.i.e.AbstractTransferListenerAdapter - Downloaded https://maven.aliyun.com/repository/public/org/apache/maven/plugins/maven-jar-plugin/3.2.0/maven-jar-plugin-3.2.0.pom
2026-07-27 19:00:28,440 [Worker-7: Updating Maven Project] INFO  o.e.m.c.i.e.AbstractTransferListenerAdapter - Downloading https://maven.aliyun.com/repository/public/org/apache/maven/shared/file-management/3.0.0/file-management-3.0.0.pom
2026-07-27 19:00:28,467 [Worker-7: Updating Maven Project] INFO  o.e.m.c.i.e.AbstractTransferListenerAdapter - Downloaded https://maven.aliyun.com/repository/public/org/apache/maven/shared/file-management/3.0.0/file-management-3.0.0.pom
2026-07-27 19:00:28,488 [Worker-7: Updating Maven Project] INFO  o.e.m.c.i.e.AbstractTransferListenerAdapter - Downloading https://maven.aliyun.com/repository/public/org/apache/maven/shared/maven-shared-components/22/maven-shared-components-22.pom
2026-07-27 19:00:28,514 [Worker-7: Updating Maven Project] INFO  o.e.m.c.i.e.AbstractTransferListenerAdapter - Downloaded https://maven.aliyun.com/repository/public/org/apache/maven/shared/maven-shared-components/22/maven-shared-components-22.pom
2026-07-27 19:00:28,538 [Worker-7: Updating Maven Project] INFO  o.e.m.c.i.e.AbstractTransferListenerAdapter - Downloading https://maven.aliyun.com/repository/public/org/apache/maven/maven-parent/27/maven-parent-27.pom
2026-07-27 19:00:28,589 [Worker-7: Updating Maven Project] INFO  o.e.m.c.i.e.AbstractTransferListenerAdapter - Downloaded https://maven.aliyun.com/repository/public/org/apache/maven/maven-parent/27/maven-parent-27.pom
2026-07-27 19:00:28,618 [Worker-7: Updating Maven Project] INFO  o.e.m.c.i.e.AbstractTransferListenerAdapter - Downloading https://maven.aliyun.com/repository/public/org/apache/maven/shared/maven-shared-io/3.0.0/maven-shared-io-3.0.0.pom
2026-07-27 19:00:28,652 [Worker-7: Updating Maven Project] INFO  o.e.m.c.i.e.AbstractTransferListenerAdapter - Downloaded https://maven.aliyun.com/repository/public/org/apache/maven/shared/maven-shared-io/3.0.0/maven-shared-io-3.0.0.pom
2026-07-27 19:00:28,674 [Worker-7: Updating Maven Project] INFO  o.e.m.c.i.e.AbstractTransferListenerAdapter - Downloading https://maven.aliyun.com/repository/public/org/apache/maven/maven-compat/3.0/maven-compat-3.0.pom
2026-07-27 19:00:28,712 [Worker-7: Updating Maven Project] INFO  o.e.m.c.i.e.AbstractTransferListenerAdapter - Downloaded https://maven.aliyun.com/repository/public/org/apache/maven/maven-compat/3.0/maven-compat-3.0.pom
2026-07-27 19:00:28,746 [Worker-7: Updating Maven Project] INFO  o.e.m.c.i.e.AbstractTransferListenerAdapter - Downloading https://maven.aliyun.com/repository/public/org/apache/maven/wagon/wagon-provider-api/1.0-beta-6/wagon-provider-api-1.0-beta-6.pom
2026-07-27 19:00:28,779 [Worker-7: Updating Maven Project] INFO  o.e.m.c.i.e.AbstractTransferListenerAdapter - Downloaded https://maven.aliyun.com/repository/public/org/apache/maven/wagon/wagon-provider-api/1.0-beta-6/wagon-provider-api-1.0-beta-6.pom
2026-07-27 19:00:28,803 [Worker-7: Updating Maven Project] INFO  o.e.m.c.i.e.AbstractTransferListenerAdapter - Downloading https://maven.aliyun.com/repository/public/org/apache/maven/wagon/wagon/1.0-beta-6/wagon-1.0-beta-6.pom
2026-07-27 19:00:28,848 [Worker-7: Updating Maven Project] INFO  o.e.m.c.i.e.AbstractTransferListenerAdapter - Downloaded https://maven.aliyun.com/repository/public/org/apache/maven/wagon/wagon/1.0-beta-6/wagon-1.0-beta-6.pom
2026-07-27 19:00:28,876 [Worker-7: Updating Maven Project] INFO  o.e.m.c.i.e.AbstractTransferListenerAdapter - Downloading https://maven.aliyun.com/repository/public/org/codehaus/plexus/plexus-utils/1.4.2/plexus-utils-1.4.2.pom
2026-07-27 19:00:28,921 [Worker-7: Updating Maven Project] INFO  o.e.m.c.i.e.AbstractTransferListenerAdapter - Downloaded https://maven.aliyun.com/repository/public/org/codehaus/plexus/plexus-utils/1.4.2/plexus-utils-1.4.2.pom
2026-07-27 19:00:28,961 [Worker-7: Updating Maven Project] INFO  o.e.m.c.i.e.AbstractTransferListenerAdapter - Downloading https://maven.aliyun.com/repository/public/org/apache/maven/wagon/wagon-provider-api/2.10/wagon-provider-api-2.10.pom
2026-07-27 19:00:28,987 [Worker-7: Updating Maven Project] INFO  o.e.m.c.i.e.AbstractTransferListenerAdapter - Downloaded https://maven.aliyun.com/repository/public/org/apache/maven/wagon/wagon-provider-api/2.10/wagon-provider-api-2.10.pom
2026-07-27 19:00:29,009 [Worker-7: Updating Maven Project] INFO  o.e.m.c.i.e.AbstractTransferListenerAdapter - Downloading https://maven.aliyun.com/repository/public/org/apache/maven/wagon/wagon/2.10/wagon-2.10.pom
2026-07-27 19:00:29,040 [Worker-7: Updating Maven Project] INFO  o.e.m.c.i.e.AbstractTransferListenerAdapter - Downloaded https://maven.aliyun.com/repository/public/org/apache/maven/wagon/wagon/2.10/wagon-2.10.pom
2026-07-27 19:00:29,061 [Worker-7: Updating Maven Project] INFO  o.e.m.c.i.e.AbstractTransferListenerAdapter - Downloading https://maven.aliyun.com/repository/public/org/apache/maven/maven-parent/26/maven-parent-26.pom
2026-07-27 19:00:29,101 [Worker-7: Updating Maven Project] INFO  o.e.m.c.i.e.AbstractTransferListenerAdapter - Downloaded https://maven.aliyun.com/repository/public/org/apache/maven/maven-parent/26/maven-parent-26.pom
2026-07-27 19:00:29,124 [Worker-7: Updating Maven Project] INFO  o.e.m.c.i.e.AbstractTransferListenerAdapter - Downloading https://maven.aliyun.com/repository/public/org/codehaus/plexus/plexus-utils/3.0.15/plexus-utils-3.0.15.pom
2026-07-27 19:00:29,459 [Worker-7: Updating Maven Project] INFO  o.e.m.c.i.e.AbstractTransferListenerAdapter - Downloaded https://maven.aliyun.com/repository/public/org/codehaus/plexus/plexus-utils/3.0.15/plexus-utils-3.0.15.pom
2026-07-27 19:00:29,501 [Worker-7: Updating Maven Project] INFO  o.e.m.c.i.e.AbstractTransferListenerAdapter - Downloading https://maven.aliyun.com/repository/public/org/apache/maven/shared/maven-shared-utils/3.0.0/maven-shared-utils-3.0.0.pom
2026-07-27 19:00:29,547 [Worker-7: Updating Maven Project] INFO  o.e.m.c.i.e.AbstractTransferListenerAdapter - Downloaded https://maven.aliyun.com/repository/public/org/apache/maven/shared/maven-shared-utils/3.0.0/maven-shared-utils-3.0.0.pom
2026-07-27 19:00:29,574 [Worker-7: Updating Maven Project] INFO  o.e.m.c.i.e.AbstractTransferListenerAdapter - Downloading https://maven.aliyun.com/repository/public/org/apache/maven/shared/maven-shared-components/21/maven-shared-components-21.pom
2026-07-27 19:00:29,604 [Worker-7: Updating Maven Project] INFO  o.e.m.c.i.e.AbstractTransferListenerAdapter - Downloaded https://maven.aliyun.com/repository/public/org/apache/maven/shared/maven-shared-components/21/maven-shared-components-21.pom
2026-07-27 19:00:29,626 [Worker-7: Updating Maven Project] INFO  o.e.m.c.i.e.AbstractTransferListenerAdapter - Downloading https://maven.aliyun.com/repository/public/org/apache/maven/maven-parent/25/maven-parent-25.pom
2026-07-27 19:00:29,648 [Worker-7: Updating Maven Project] INFO  o.e.m.c.i.e.AbstractTransferListenerAdapter - Downloaded https://maven.aliyun.com/repository/public/org/apache/maven/maven-parent/25/maven-parent-25.pom
2026-07-27 19:00:29,672 [Worker-7: Updating Maven Project] INFO  o.e.m.c.i.e.AbstractTransferListenerAdapter - Downloading https://maven.aliyun.com/repository/public/org/apache/apache/15/apache-15.pom
2026-07-27 19:00:29,688 [Worker-7: Updating Maven Project] INFO  o.e.m.c.i.e.AbstractTransferListenerAdapter - Downloaded https://maven.aliyun.com/repository/public/org/apache/apache/15/apache-15.pom
2026-07-27 19:00:29,725 [Worker-7: Updating Maven Project] INFO  o.e.m.c.i.e.AbstractTransferListenerAdapter - Downloading https://maven.aliyun.com/repository/public/commons-io/commons-io/2.4/commons-io-2.4.pom
2026-07-27 19:00:29,764 [Worker-7: Updating Maven Project] INFO  o.e.m.c.i.e.AbstractTransferListenerAdapter - Downloaded https://maven.aliyun.com/repository/public/commons-io/commons-io/2.4/commons-io-2.4.pom
2026-07-27 19:00:29,788 [Worker-7: Updating Maven Project] INFO  o.e.m.c.i.e.AbstractTransferListenerAdapter - Downloading https://maven.aliyun.com/repository/public/org/apache/commons/commons-parent/25/commons-parent-25.pom
2026-07-27 19:00:29,826 [Worker-7: Updating Maven Project] INFO  o.e.m.c.i.e.AbstractTransferListenerAdapter - Downloaded https://maven.aliyun.com/repository/public/org/apache/commons/commons-parent/25/commons-parent-25.pom
2026-07-27 19:00:29,845 [Worker-7: Updating Maven Project] INFO  o.e.m.c.i.e.AbstractTransferListenerAdapter - Downloading https://maven.aliyun.com/repository/public/org/apache/apache/9/apache-9.pom
2026-07-27 19:00:29,876 [Worker-7: Updating Maven Project] INFO  o.e.m.c.i.e.AbstractTransferListenerAdapter - Downloaded https://maven.aliyun.com/repository/public/org/apache/apache/9/apache-9.pom
2026-07-27 19:00:29,907 [Worker-7: Updating Maven Project] INFO  o.e.m.c.i.e.AbstractTransferListenerAdapter - Downloading https://maven.aliyun.com/repository/public/org/apache/maven/maven-archiver/3.5.0/maven-archiver-3.5.0.pom
2026-07-27 19:00:29,968 [Worker-7: Updating Maven Project] INFO  o.e.m.c.i.e.AbstractTransferListenerAdapter - Downloaded https://maven.aliyun.com/repository/public/org/apache/maven/maven-archiver/3.5.0/maven-archiver-3.5.0.pom
2026-07-27 19:00:29,992 [Worker-7: Updating Maven Project] INFO  o.e.m.c.i.e.AbstractTransferListenerAdapter - Downloading https://maven.aliyun.com/repository/public/org/apache/maven/shared/maven-shared-components/33/maven-shared-components-33.pom
2026-07-27 19:00:30,005 [Worker-7: Updating Maven Project] INFO  o.e.m.c.i.e.AbstractTransferListenerAdapter - Downloaded https://maven.aliyun.com/repository/public/org/apache/maven/shared/maven-shared-components/33/maven-shared-components-33.pom
2026-07-27 19:00:30,063 [Worker-7: Updating Maven Project] INFO  o.e.m.c.i.e.AbstractTransferListenerAdapter - Downloading https://maven.aliyun.com/repository/public/org/codehaus/plexus/plexus-archiver/4.2.0/plexus-archiver-4.2.0.pom
2026-07-27 19:00:30,095 [Worker-7: Updating Maven Project] INFO  o.e.m.c.i.e.AbstractTransferListenerAdapter - Downloaded https://maven.aliyun.com/repository/public/org/codehaus/plexus/plexus-archiver/4.2.0/plexus-archiver-4.2.0.pom
2026-07-27 19:00:30,119 [Worker-7: Updating Maven Project] INFO  o.e.m.c.i.e.AbstractTransferListenerAdapter - Downloading https://maven.aliyun.com/repository/public/org/codehaus/plexus/plexus/5.1/plexus-5.1.pom
2026-07-27 19:00:30,137 [Worker-7: Updating Maven Project] INFO  o.e.m.c.i.e.AbstractTransferListenerAdapter - Downloaded https://maven.aliyun.com/repository/public/org/codehaus/plexus/plexus/5.1/plexus-5.1.pom
2026-07-27 19:00:30,157 [Worker-7: Updating Maven Project] INFO  o.e.m.c.i.e.AbstractTransferListenerAdapter - Downloading https://maven.aliyun.com/repository/public/org/codehaus/plexus/plexus-utils/3.3.0/plexus-utils-3.3.0.pom
2026-07-27 19:00:30,170 [Worker-7: Updating Maven Project] INFO  o.e.m.c.i.e.AbstractTransferListenerAdapter - Downloaded https://maven.aliyun.com/repository/public/org/codehaus/plexus/plexus-utils/3.3.0/plexus-utils-3.3.0.pom
2026-07-27 19:00:30,195 [Worker-7: Updating Maven Project] INFO  o.e.m.c.i.e.AbstractTransferListenerAdapter - Downloading https://maven.aliyun.com/repository/public/org/codehaus/plexus/plexus-io/3.2.0/plexus-io-3.2.0.pom
2026-07-27 19:00:30,208 [Worker-7: Updating Maven Project] INFO  o.e.m.c.i.e.AbstractTransferListenerAdapter - Downloaded https://maven.aliyun.com/repository/public/org/codehaus/plexus/plexus-io/3.2.0/plexus-io-3.2.0.pom
2026-07-27 19:00:30,229 [Worker-7: Updating Maven Project] INFO  o.e.m.c.i.e.AbstractTransferListenerAdapter - Downloading https://maven.aliyun.com/repository/public/commons-io/commons-io/2.6/commons-io-2.6.pom
2026-07-27 19:00:30,269 [Worker-7: Updating Maven Project] INFO  o.e.m.c.i.e.AbstractTransferListenerAdapter - Downloaded https://maven.aliyun.com/repository/public/commons-io/commons-io/2.6/commons-io-2.6.pom
2026-07-27 19:00:30,292 [Worker-7: Updating Maven Project] INFO  o.e.m.c.i.e.AbstractTransferListenerAdapter - Downloading https://maven.aliyun.com/repository/public/org/apache/commons/commons-parent/42/commons-parent-42.pom
2026-07-27 19:00:30,316 [Worker-7: Updating Maven Project] INFO  o.e.m.c.i.e.AbstractTransferListenerAdapter - Downloaded https://maven.aliyun.com/repository/public/org/apache/commons/commons-parent/42/commons-parent-42.pom
2026-07-27 19:00:30,376 [Worker-7: Updating Maven Project] INFO  o.e.m.c.i.e.AbstractTransferListenerAdapter - Downloading https://maven.aliyun.com/repository/public/org/apache/commons/commons-compress/1.19/commons-compress-1.19.pom
2026-07-27 19:00:30,396 [Worker-7: Updating Maven Project] INFO  o.e.m.c.i.e.AbstractTransferListenerAdapter - Downloaded https://maven.aliyun.com/repository/public/org/apache/commons/commons-compress/1.19/commons-compress-1.19.pom
2026-07-27 19:00:30,419 [Worker-7: Updating Maven Project] INFO  o.e.m.c.i.e.AbstractTransferListenerAdapter - Downloading https://maven.aliyun.com/repository/public/org/apache/commons/commons-parent/48/commons-parent-48.pom
2026-07-27 19:00:30,438 [Worker-7: Updating Maven Project] INFO  o.e.m.c.i.e.AbstractTransferListenerAdapter - Downloaded https://maven.aliyun.com/repository/public/org/apache/commons/commons-parent/48/commons-parent-48.pom
2026-07-27 19:00:30,470 [Worker-7: Updating Maven Project] INFO  o.e.m.c.i.e.AbstractTransferListenerAdapter - Downloading https://maven.aliyun.com/repository/public/org/iq80/snappy/snappy/0.4/snappy-0.4.pom
2026-07-27 19:00:30,510 [Worker-7: Updating Maven Project] INFO  o.e.m.c.i.e.AbstractTransferListenerAdapter - Downloaded https://maven.aliyun.com/repository/public/org/iq80/snappy/snappy/0.4/snappy-0.4.pom
2026-07-27 19:00:30,532 [Worker-7: Updating Maven Project] INFO  o.e.m.c.i.e.AbstractTransferListenerAdapter - Downloading https://maven.aliyun.com/repository/public/org/tukaani/xz/1.8/xz-1.8.pom
2026-07-27 19:00:30,571 [Worker-7: Updating Maven Project] INFO  o.e.m.c.i.e.AbstractTransferListenerAdapter - Downloaded https://maven.aliyun.com/repository/public/org/tukaani/xz/1.8/xz-1.8.pom
2026-07-27 19:00:30,591 [Worker-7: Updating Maven Project] INFO  o.e.m.c.i.e.AbstractTransferListenerAdapter - Downloading https://maven.aliyun.com/repository/public/org/codehaus/plexus/plexus-interpolation/1.25/plexus-interpolation-1.25.pom
2026-07-27 19:00:30,627 [Worker-7: Updating Maven Project] INFO  o.e.m.c.i.e.AbstractTransferListenerAdapter - Downloaded https://maven.aliyun.com/repository/public/org/codehaus/plexus/plexus-interpolation/1.25/plexus-interpolation-1.25.pom
2026-07-27 19:00:30,710 [Worker-7: Updating Maven Project] INFO  o.e.m.c.i.e.AbstractTransferListenerAdapter - Downloading https://maven.aliyun.com/repository/public/org/codehaus/plexus/plexus-archiver/4.2.1/plexus-archiver-4.2.1.pom
2026-07-27 19:00:31,058 [Worker-7: Updating Maven Project] INFO  o.e.m.c.i.e.AbstractTransferListenerAdapter - Downloaded https://maven.aliyun.com/repository/public/org/codehaus/plexus/plexus-archiver/4.2.1/plexus-archiver-4.2.1.pom
2026-07-27 19:00:31,150 [Worker-7: Updating Maven Project] INFO  o.e.m.c.i.e.AbstractTransferListenerAdapter - Downloading https://maven.aliyun.com/repository/public/org/apache/maven/shared/file-management/3.0.0/file-management-3.0.0.jar
2026-07-27 19:00:31,466 [Worker-7: Updating Maven Project] INFO  o.e.m.c.i.e.AbstractTransferListenerAdapter - Downloaded https://maven.aliyun.com/repository/public/org/apache/maven/shared/file-management/3.0.0/file-management-3.0.0.jar
2026-07-27 19:00:31,476 [Worker-7: Updating Maven Project] INFO  o.e.m.c.i.e.AbstractTransferListenerAdapter - Downloading https://maven.aliyun.com/repository/public/org/apache/maven/shared/maven-shared-io/3.0.0/maven-shared-io-3.0.0.jar
2026-07-27 19:00:31,799 [Worker-7: Updating Maven Project] INFO  o.e.m.c.i.e.AbstractTransferListenerAdapter - Downloaded https://maven.aliyun.com/repository/public/org/apache/maven/shared/maven-shared-io/3.0.0/maven-shared-io-3.0.0.jar
2026-07-27 19:00:31,810 [Worker-7: Updating Maven Project] INFO  o.e.m.c.i.e.AbstractTransferListenerAdapter - Downloading https://maven.aliyun.com/repository/public/org/apache/maven/maven-compat/3.0/maven-compat-3.0.jar
2026-07-27 19:00:32,211 [Worker-7: Updating Maven Project] INFO  o.e.m.c.i.e.AbstractTransferListenerAdapter - Downloaded https://maven.aliyun.com/repository/public/org/apache/maven/maven-compat/3.0/maven-compat-3.0.jar
2026-07-27 19:00:32,227 [Worker-7: Updating Maven Project] INFO  o.e.m.c.i.e.AbstractTransferListenerAdapter - Downloading https://maven.aliyun.com/repository/public/org/apache/maven/wagon/wagon-provider-api/2.10/wagon-provider-api-2.10.jar
2026-07-27 19:00:32,529 [Worker-7: Updating Maven Project] INFO  o.e.m.c.i.e.AbstractTransferListenerAdapter - Downloaded https://maven.aliyun.com/repository/public/org/apache/maven/wagon/wagon-provider-api/2.10/wagon-provider-api-2.10.jar
2026-07-27 19:00:32,571 [Worker-7: Updating Maven Project] INFO  o.e.m.c.i.e.AbstractTransferListenerAdapter - Downloading https://maven.aliyun.com/repository/public/org/apache/maven/maven-archiver/3.5.0/maven-archiver-3.5.0.jar
2026-07-27 19:00:32,615 [Worker-7: Updating Maven Project] INFO  o.e.m.c.i.e.AbstractTransferListenerAdapter - Downloaded https://maven.aliyun.com/repository/public/org/apache/maven/maven-archiver/3.5.0/maven-archiver-3.5.0.jar
2026-07-27 19:00:32,669 [Worker-7: Updating Maven Project] INFO  o.e.m.c.i.e.AbstractTransferListenerAdapter - Downloading https://maven.aliyun.com/repository/public/org/codehaus/plexus/plexus-archiver/4.2.1/plexus-archiver-4.2.1.jar
2026-07-27 19:00:32,940 [Worker-7: Updating Maven Project] INFO  o.e.m.c.i.e.AbstractTransferListenerAdapter - Downloaded https://maven.aliyun.com/repository/public/org/codehaus/plexus/plexus-archiver/4.2.1/plexus-archiver-4.2.1.jar
2026-07-27 19:00:32,953 [Worker-7: Updating Maven Project] INFO  o.e.m.c.i.e.AbstractTransferListenerAdapter - Downloading https://maven.aliyun.com/repository/public/org/codehaus/plexus/plexus-io/3.2.0/plexus-io-3.2.0.jar
2026-07-27 19:00:32,993 [Worker-7: Updating Maven Project] INFO  o.e.m.c.i.e.AbstractTransferListenerAdapter - Downloaded https://maven.aliyun.com/repository/public/org/codehaus/plexus/plexus-io/3.2.0/plexus-io-3.2.0.jar
2026-07-27 19:00:33,006 [Worker-7: Updating Maven Project] INFO  o.e.m.c.i.e.AbstractTransferListenerAdapter - Downloading https://maven.aliyun.com/repository/public/org/apache/commons/commons-compress/1.19/commons-compress-1.19.jar
2026-07-27 19:00:33,339 [Worker-7: Updating Maven Project] INFO  o.e.m.c.i.e.AbstractTransferListenerAdapter - Downloaded https://maven.aliyun.com/repository/public/org/apache/commons/commons-compress/1.19/commons-compress-1.19.jar
2026-07-27 19:00:33,353 [Worker-7: Updating Maven Project] INFO  o.e.m.c.i.e.AbstractTransferListenerAdapter - Downloading https://maven.aliyun.com/repository/public/org/iq80/snappy/snappy/0.4/snappy-0.4.jar
2026-07-27 19:00:33,371 [Worker-7: Updating Maven Project] INFO  o.e.m.c.i.e.AbstractTransferListenerAdapter - Downloaded https://maven.aliyun.com/repository/public/org/iq80/snappy/snappy/0.4/snappy-0.4.jar
2026-07-27 19:00:33,414 [Worker-7: Updating Maven Project] INFO  o.e.m.c.i.e.AbstractTransferListenerAdapter - Downloading https://maven.aliyun.com/repository/public/org/tukaani/xz/1.8/xz-1.8.jar
2026-07-27 19:00:33,462 [Worker-7: Updating Maven Project] INFO  o.e.m.c.i.e.AbstractTransferListenerAdapter - Downloaded https://maven.aliyun.com/repository/public/org/tukaani/xz/1.8/xz-1.8.jar
2026-07-27 19:00:33,504 [Worker-7: Updating Maven Project] INFO  o.e.m.c.i.e.AbstractTransferListenerAdapter - Downloading https://maven.aliyun.com/repository/public/org/codehaus/plexus/plexus-utils/3.3.0/plexus-utils-3.3.0.jar
2026-07-27 19:00:33,552 [Worker-7: Updating Maven Project] INFO  o.e.m.c.i.e.AbstractTransferListenerAdapter - Downloaded https://maven.aliyun.com/repository/public/org/codehaus/plexus/plexus-utils/3.3.0/plexus-utils-3.3.0.jar
2026-07-27 19:00:35,253 [Worker-7: Updating Maven Project] INFO  o.e.m.c.i.e.AbstractTransferListenerAdapter - Downloading https://maven.aliyun.com/repository/public/org/codehaus/plexus/plexus-utils/3.1.0/plexus-utils-3.1.0.pom
2026-07-27 19:00:35,289 [Worker-7: Updating Maven Project] INFO  o.e.m.c.i.e.AbstractTransferListenerAdapter - Downloaded https://maven.aliyun.com/repository/public/org/codehaus/plexus/plexus-utils/3.1.0/plexus-utils-3.1.0.pom
2026-07-27 19:00:35,321 [Worker-7: Updating Maven Project] INFO  o.e.m.c.i.e.AbstractTransferListenerAdapter - Downloading https://maven.aliyun.com/repository/public/org/apache/maven/shared/maven-filtering/3.1.1/maven-filtering-3.1.1.pom
2026-07-27 19:00:35,338 [Worker-7: Updating Maven Project] INFO  o.e.m.c.i.e.AbstractTransferListenerAdapter - Downloaded https://maven.aliyun.com/repository/public/org/apache/maven/shared/maven-filtering/3.1.1/maven-filtering-3.1.1.pom
2026-07-27 19:00:35,395 [Worker-7: Updating Maven Project] INFO  o.e.m.c.i.e.AbstractTransferListenerAdapter - Downloading https://maven.aliyun.com/repository/public/org/codehaus/plexus/plexus-utils/3.0.24/plexus-utils-3.0.24.pom
2026-07-27 19:00:35,411 [Worker-7: Updating Maven Project] INFO  o.e.m.c.i.e.AbstractTransferListenerAdapter - Downloaded https://maven.aliyun.com/repository/public/org/codehaus/plexus/plexus-utils/3.0.24/plexus-utils-3.0.24.pom
2026-07-27 19:00:35,438 [Worker-7: Updating Maven Project] INFO  o.e.m.c.i.e.AbstractTransferListenerAdapter - Downloading https://maven.aliyun.com/repository/public/org/codehaus/plexus/plexus-interpolation/1.22/plexus-interpolation-1.22.pom
2026-07-27 19:00:35,460 [Worker-7: Updating Maven Project] INFO  o.e.m.c.i.e.AbstractTransferListenerAdapter - Downloaded https://maven.aliyun.com/repository/public/org/codehaus/plexus/plexus-interpolation/1.22/plexus-interpolation-1.22.pom
2026-07-27 19:00:35,515 [Worker-7: Updating Maven Project] INFO  o.e.m.c.i.e.AbstractTransferListenerAdapter - Downloading https://maven.aliyun.com/repository/public/org/codehaus/plexus/plexus-components/1.3.1/plexus-components-1.3.1.pom
2026-07-27 19:00:35,533 [Worker-7: Updating Maven Project] INFO  o.e.m.c.i.e.AbstractTransferListenerAdapter - Downloaded https://maven.aliyun.com/repository/public/org/codehaus/plexus/plexus-components/1.3.1/plexus-components-1.3.1.pom
2026-07-27 19:00:35,561 [Worker-7: Updating Maven Project] INFO  o.e.m.c.i.e.AbstractTransferListenerAdapter - Downloading https://maven.aliyun.com/repository/public/org/sonatype/plexus/plexus-build-api/0.0.7/plexus-build-api-0.0.7.pom
2026-07-27 19:00:35,577 [Worker-7: Updating Maven Project] INFO  o.e.m.c.i.e.AbstractTransferListenerAdapter - Downloaded https://maven.aliyun.com/repository/public/org/sonatype/plexus/plexus-build-api/0.0.7/plexus-build-api-0.0.7.pom
2026-07-27 19:00:35,617 [Worker-7: Updating Maven Project] INFO  o.e.m.c.i.e.AbstractTransferListenerAdapter - Downloading https://maven.aliyun.com/repository/public/org/sonatype/spice/spice-parent/15/spice-parent-15.pom
2026-07-27 19:00:35,634 [Worker-7: Updating Maven Project] INFO  o.e.m.c.i.e.AbstractTransferListenerAdapter - Downloaded https://maven.aliyun.com/repository/public/org/sonatype/spice/spice-parent/15/spice-parent-15.pom
2026-07-27 19:00:35,659 [Worker-7: Updating Maven Project] INFO  o.e.m.c.i.e.AbstractTransferListenerAdapter - Downloading https://maven.aliyun.com/repository/public/org/sonatype/forge/forge-parent/5/forge-parent-5.pom
2026-07-27 19:00:35,678 [Worker-7: Updating Maven Project] INFO  o.e.m.c.i.e.AbstractTransferListenerAdapter - Downloaded https://maven.aliyun.com/repository/public/org/sonatype/forge/forge-parent/5/forge-parent-5.pom
2026-07-27 19:00:35,704 [Worker-7: Updating Maven Project] INFO  o.e.m.c.i.e.AbstractTransferListenerAdapter - Downloading https://maven.aliyun.com/repository/public/org/codehaus/plexus/plexus-utils/1.5.8/plexus-utils-1.5.8.pom
2026-07-27 19:00:35,766 [Worker-7: Updating Maven Project] INFO  o.e.m.c.i.e.AbstractTransferListenerAdapter - Downloaded https://maven.aliyun.com/repository/public/org/codehaus/plexus/plexus-utils/1.5.8/plexus-utils-1.5.8.pom
2026-07-27 19:00:35,792 [Worker-7: Updating Maven Project] INFO  o.e.m.c.i.e.AbstractTransferListenerAdapter - Downloading https://maven.aliyun.com/repository/public/org/codehaus/plexus/plexus-interpolation/1.24/plexus-interpolation-1.24.pom
2026-07-27 19:00:35,811 [Worker-7: Updating Maven Project] INFO  o.e.m.c.i.e.AbstractTransferListenerAdapter - Downloaded https://maven.aliyun.com/repository/public/org/codehaus/plexus/plexus-interpolation/1.24/plexus-interpolation-1.24.pom
2026-07-27 19:00:35,965 [Worker-7: Updating Maven Project] INFO  o.e.m.c.i.e.AbstractTransferListenerAdapter - Downloading https://maven.aliyun.com/repository/public/org/codehaus/plexus/plexus-utils/3.1.0/plexus-utils-3.1.0.jar
2026-07-27 19:00:36,020 [Worker-7: Updating Maven Project] INFO  o.e.m.c.i.e.AbstractTransferListenerAdapter - Downloaded https://maven.aliyun.com/repository/public/org/codehaus/plexus/plexus-utils/3.1.0/plexus-utils-3.1.0.jar
2026-07-27 19:00:36,043 [Worker-7: Updating Maven Project] INFO  o.e.m.c.i.e.AbstractTransferListenerAdapter - Downloading https://maven.aliyun.com/repository/public/org/apache/maven/shared/maven-filtering/3.1.1/maven-filtering-3.1.1.jar
2026-07-27 19:00:36,061 [Worker-7: Updating Maven Project] INFO  o.e.m.c.i.e.AbstractTransferListenerAdapter - Downloaded https://maven.aliyun.com/repository/public/org/apache/maven/shared/maven-filtering/3.1.1/maven-filtering-3.1.1.jar
2026-07-27 19:00:36,073 [Worker-7: Updating Maven Project] INFO  o.e.m.c.i.e.AbstractTransferListenerAdapter - Downloading https://maven.aliyun.com/repository/public/org/apache/maven/shared/maven-shared-utils/3.0.0/maven-shared-utils-3.0.0.jar
2026-07-27 19:00:36,114 [Worker-7: Updating Maven Project] INFO  o.e.m.c.i.e.AbstractTransferListenerAdapter - Downloaded https://maven.aliyun.com/repository/public/org/apache/maven/shared/maven-shared-utils/3.0.0/maven-shared-utils-3.0.0.jar
2026-07-27 19:00:36,129 [Worker-7: Updating Maven Project] INFO  o.e.m.c.i.e.AbstractTransferListenerAdapter - Downloading https://maven.aliyun.com/repository/public/com/google/code/findbugs/jsr305/2.0.1/jsr305-2.0.1.jar
2026-07-27 19:00:36,152 [Worker-7: Updating Maven Project] INFO  o.e.m.c.i.e.AbstractTransferListenerAdapter - Downloaded https://maven.aliyun.com/repository/public/com/google/code/findbugs/jsr305/2.0.1/jsr305-2.0.1.jar
2026-07-27 19:00:36,162 [Worker-7: Updating Maven Project] INFO  o.e.m.c.i.e.AbstractTransferListenerAdapter - Downloading https://maven.aliyun.com/repository/public/org/sonatype/plexus/plexus-build-api/0.0.7/plexus-build-api-0.0.7.jar
2026-07-27 19:00:36,177 [Worker-7: Updating Maven Project] INFO  o.e.m.c.i.e.AbstractTransferListenerAdapter - Downloaded https://maven.aliyun.com/repository/public/org/sonatype/plexus/plexus-build-api/0.0.7/plexus-build-api-0.0.7.jar
2026-07-27 19:00:36,205 [Worker-7: Updating Maven Project] INFO  o.e.m.c.i.e.AbstractTransferListenerAdapter - Downloading https://maven.aliyun.com/repository/public/org/codehaus/plexus/plexus-interpolation/1.24/plexus-interpolation-1.24.jar
2026-07-27 19:00:36,225 [Worker-7: Updating Maven Project] INFO  o.e.m.c.i.e.AbstractTransferListenerAdapter - Downloaded https://maven.aliyun.com/repository/public/org/codehaus/plexus/plexus-interpolation/1.24/plexus-interpolation-1.24.jar
2026-07-27 19:00:36,624 [Worker-7: Updating Maven Project] INFO  o.e.m.j.i.AbstractJavaProjectConfigurator - Adding source folder /jxc-admin/src/main/java
2026-07-27 19:00:36,625 [Worker-7: Updating Maven Project] INFO  o.e.m.j.i.AbstractJavaProjectConfigurator - Adding resource folder /jxc-admin/src/main/resources
2026-07-27 19:00:36,631 [Worker-7: Updating Maven Project] INFO  o.e.m.j.i.AbstractJavaProjectConfigurator - Adding resource folder /jxc-admin/src/main/resources
2026-07-27 19:00:36,640 [Worker-7: Updating Maven Project] INFO  o.e.m.j.i.AbstractJavaProjectConfigurator - Adding source folder /jxc-admin/src/test/java
2026-07-27 19:00:37,812 [Worker-7: Updating Maven Project] INFO  o.e.m.c.i.p.ProjectConfigurationManager - Update completed: 90 sec
2026-07-27 19:01:58,053 [Worker-17: Updating Maven Project] INFO  o.e.m.c.i.p.ProjectConfigurationManager - Update started
2026-07-27 19:01:59,074 [Worker-17: Updating Maven Project] INFO  o.e.m.c.i.l.LifecycleMappingFactory - Using org.eclipse.m2e.jdt.JarLifecycleMapping lifecycle mapping for MavenProject: com.edu,seiryo:jxc-admin:0.0.1-SNAPSHOT @ E:\Seiryo\STS\SpringBoot2_Project\pom.xml.
2026-07-27 19:02:01,372 [Worker-17: Updating Maven Project] INFO  o.e.m.j.i.AbstractJavaProjectConfigurator - Adding source folder /jxc-admin/src/main/java
2026-07-27 19:02:01,372 [Worker-17: Updating Maven Project] INFO  o.e.m.j.i.AbstractJavaProjectConfigurator - Adding resource folder /jxc-admin/src/main/resources
2026-07-27 19:02:01,376 [Worker-17: Updating Maven Project] INFO  o.e.m.j.i.AbstractJavaProjectConfigurator - Adding resource folder /jxc-admin/src/main/resources
2026-07-27 19:02:01,380 [Worker-17: Updating Maven Project] INFO  o.e.m.j.i.AbstractJavaProjectConfigurator - Adding source folder /jxc-admin/src/test/java
2026-07-27 19:02:02,520 [Worker-17: Updating Maven Project] INFO  o.e.m.c.i.p.ProjectConfigurationManager - Update completed: 4 sec
2026-07-27 19:05:16,672 [Worker-13: Building workspace] INFO  o.e.m.c.i.l.LifecycleMappingFactory - Using org.eclipse.m2e.jdt.JarLifecycleMapping lifecycle mapping for MavenProject: com.edu.seiryo:jxc-admin:0.0.1-SNAPSHOT @ E:\Seiryo\STS\SpringBoot2_Project\pom.xml.
2026-07-27 19:05:18,529 [Worker-13: Building workspace] INFO  o.e.m.c.i.embedder.EclipseLogger - Using 'UTF-8' encoding to copy filtered resources.
2026-07-27 19:05:18,538 [Worker-13: Building workspace] INFO  o.e.m.c.i.embedder.EclipseLogger - Copying 2 resources
2026-07-27 19:05:18,565 [Worker-13: Building workspace] INFO  o.e.m.c.i.embedder.EclipseLogger - Copying 825 resources
2026-07-27 19:05:20,216 [Worker-16: Download sources and javadoc] INFO  o.e.m.c.i.e.AbstractTransferListenerAdapter - Downloading https://maven.aliyun.com/repository/public/org/springframework/boot/spring-boot-starter-web/2.3.0.RELEASE/spring-boot-starter-web-2.3.0.RELEASE-sources.jar
2026-07-27 19:05:20,594 [Worker-16: Download sources and javadoc] INFO  o.e.m.c.i.e.AbstractTransferListenerAdapter - Downloaded https://maven.aliyun.com/repository/public/org/springframework/boot/spring-boot-starter-web/2.3.0.RELEASE/spring-boot-starter-web-2.3.0.RELEASE-sources.jar
2026-07-27 19:05:20,629 [Worker-16: Download sources and javadoc] INFO  o.e.m.j.internal.DownloadSourcesJob - Downloaded sources for org.springframework.boot:spring-boot-starter-web:2.3.0.RELEASE
2026-07-27 19:05:20,785 [Worker-13: Building workspace] INFO  o.e.m.c.i.embedder.EclipseLogger - Using 'UTF-8' encoding to copy filtered resources.
2026-07-27 19:05:20,785 [Worker-13: Building workspace] INFO  o.e.m.c.i.embedder.EclipseLogger - skip non existing resourceDirectory E:\Seiryo\STS\SpringBoot2_Project\src\test\resources
2026-07-27 19:05:21,055 [Worker-16: Download sources and javadoc] INFO  o.e.m.c.i.e.AbstractTransferListenerAdapter - Downloading https://maven.aliyun.com/repository/public/org/springframework/boot/spring-boot-starter/2.3.0.RELEASE/spring-boot-starter-2.3.0.RELEASE-sources.jar
2026-07-27 19:05:21,414 [Worker-16: Download sources and javadoc] INFO  o.e.m.c.i.e.AbstractTransferListenerAdapter - Downloaded https://maven.aliyun.com/repository/public/org/springframework/boot/spring-boot-starter/2.3.0.RELEASE/spring-boot-starter-2.3.0.RELEASE-sources.jar
2026-07-27 19:05:21,444 [Worker-16: Download sources and javadoc] INFO  o.e.m.j.internal.DownloadSourcesJob - Downloaded sources for org.springframework.boot:spring-boot-starter:2.3.0.RELEASE
2026-07-27 19:05:21,561 [Worker-16: Download sources and javadoc] INFO  o.e.m.c.i.e.AbstractTransferListenerAdapter - Downloading https://maven.aliyun.com/repository/public/org/springframework/boot/spring-boot/2.3.0.RELEASE/spring-boot-2.3.0.RELEASE-sources.jar
2026-07-27 19:05:21,978 [Worker-16: Download sources and javadoc] INFO  o.e.m.c.i.e.AbstractTransferListenerAdapter - Downloaded https://maven.aliyun.com/repository/public/org/springframework/boot/spring-boot/2.3.0.RELEASE/spring-boot-2.3.0.RELEASE-sources.jar
2026-07-27 19:05:22,007 [Worker-16: Download sources and javadoc] INFO  o.e.m.j.internal.DownloadSourcesJob - Downloaded sources for org.springframework.boot:spring-boot:2.3.0.RELEASE
2026-07-27 19:05:22,415 [Worker-16: Download sources and javadoc] INFO  o.e.m.c.i.e.AbstractTransferListenerAdapter - Downloading https://maven.aliyun.com/repository/public/org/springframework/boot/spring-boot-starter-logging/2.3.0.RELEASE/spring-boot-starter-logging-2.3.0.RELEASE-sources.jar
2026-07-27 19:05:22,764 [Worker-16: Download sources and javadoc] INFO  o.e.m.c.i.e.AbstractTransferListenerAdapter - Downloaded https://maven.aliyun.com/repository/public/org/springframework/boot/spring-boot-starter-logging/2.3.0.RELEASE/spring-boot-starter-logging-2.3.0.RELEASE-sources.jar
2026-07-27 19:05:22,793 [Worker-16: Download sources and javadoc] INFO  o.e.m.j.internal.DownloadSourcesJob - Downloaded sources for org.springframework.boot:spring-boot-starter-logging:2.3.0.RELEASE
2026-07-27 19:05:22,925 [Worker-16: Download sources and javadoc] INFO  o.e.m.c.i.e.AbstractTransferListenerAdapter - Downloading https://maven.aliyun.com/repository/public/ch/qos/logback/logback-classic/1.2.3/logback-classic-1.2.3-sources.jar
2026-07-27 19:05:23,020 [Worker-16: Download sources and javadoc] INFO  o.e.m.c.i.e.AbstractTransferListenerAdapter - Downloaded https://maven.aliyun.com/repository/public/ch/qos/logback/logback-classic/1.2.3/logback-classic-1.2.3-sources.jar
2026-07-27 19:05:23,059 [Worker-16: Download sources and javadoc] INFO  o.e.m.j.internal.DownloadSourcesJob - Downloaded sources for ch.qos.logback:logback-classic:1.2.3
2026-07-27 19:05:23,178 [Worker-16: Download sources and javadoc] INFO  o.e.m.c.i.e.AbstractTransferListenerAdapter - Downloading https://maven.aliyun.com/repository/public/ch/qos/logback/logback-core/1.2.3/logback-core-1.2.3-sources.jar
2026-07-27 19:05:23,286 [Worker-16: Download sources and javadoc] INFO  o.e.m.c.i.e.AbstractTransferListenerAdapter - Downloaded https://maven.aliyun.com/repository/public/ch/qos/logback/logback-core/1.2.3/logback-core-1.2.3-sources.jar
2026-07-27 19:05:23,339 [Worker-16: Download sources and javadoc] INFO  o.e.m.j.internal.DownloadSourcesJob - Downloaded sources for ch.qos.logback:logback-core:1.2.3
2026-07-27 19:05:23,793 [Worker-16: Download sources and javadoc] INFO  o.e.m.c.i.e.AbstractTransferListenerAdapter - Downloading https://maven.aliyun.com/repository/public/org/apache/logging/log4j/log4j-to-slf4j/2.13.2/log4j-to-slf4j-2.13.2-sources.jar
2026-07-27 19:05:24,147 [Worker-16: Download sources and javadoc] INFO  o.e.m.c.i.e.AbstractTransferListenerAdapter - Downloaded https://maven.aliyun.com/repository/public/org/apache/logging/log4j/log4j-to-slf4j/2.13.2/log4j-to-slf4j-2.13.2-sources.jar
2026-07-27 19:05:24,179 [Worker-16: Download sources and javadoc] INFO  o.e.m.j.internal.DownloadSourcesJob - Downloaded sources for org.apache.logging.log4j:log4j-to-slf4j:2.13.2
2026-07-27 19:05:24,596 [Worker-16: Download sources and javadoc] INFO  o.e.m.c.i.e.AbstractTransferListenerAdapter - Downloading https://maven.aliyun.com/repository/public/org/apache/logging/log4j/log4j-api/2.13.2/log4j-api-2.13.2-sources.jar
2026-07-27 19:05:25,003 [Worker-16: Download sources and javadoc] INFO  o.e.m.c.i.e.AbstractTransferListenerAdapter - Downloaded https://maven.aliyun.com/repository/public/org/apache/logging/log4j/log4j-api/2.13.2/log4j-api-2.13.2-sources.jar
2026-07-27 19:05:25,029 [Worker-16: Download sources and javadoc] INFO  o.e.m.j.internal.DownloadSourcesJob - Downloaded sources for org.apache.logging.log4j:log4j-api:2.13.2
2026-07-27 19:05:25,113 [Worker-16: Download sources and javadoc] INFO  o.e.m.c.i.e.AbstractTransferListenerAdapter - Downloading https://maven.aliyun.com/repository/public/org/slf4j/jul-to-slf4j/1.7.30/jul-to-slf4j-1.7.30-sources.jar
2026-07-27 19:05:25,560 [Worker-16: Download sources and javadoc] INFO  o.e.m.c.i.e.AbstractTransferListenerAdapter - Downloaded https://maven.aliyun.com/repository/public/org/slf4j/jul-to-slf4j/1.7.30/jul-to-slf4j-1.7.30-sources.jar
2026-07-27 19:05:25,595 [Worker-16: Download sources and javadoc] INFO  o.e.m.j.internal.DownloadSourcesJob - Downloaded sources for org.slf4j:jul-to-slf4j:1.7.30
2026-07-27 19:05:25,664 [Worker-16: Download sources and javadoc] INFO  o.e.m.c.i.e.AbstractTransferListenerAdapter - Downloading https://maven.aliyun.com/repository/public/jakarta/annotation/jakarta.annotation-api/1.3.5/jakarta.annotation-api-1.3.5-sources.jar
2026-07-27 19:05:26,028 [Worker-16: Download sources and javadoc] INFO  o.e.m.c.i.e.AbstractTransferListenerAdapter - Downloaded https://maven.aliyun.com/repository/public/jakarta/annotation/jakarta.annotation-api/1.3.5/jakarta.annotation-api-1.3.5-sources.jar
2026-07-27 19:05:26,052 [Worker-16: Download sources and javadoc] INFO  o.e.m.j.internal.DownloadSourcesJob - Downloaded sources for jakarta.annotation:jakarta.annotation-api:1.3.5
2026-07-27 19:05:26,158 [Worker-16: Download sources and javadoc] INFO  o.e.m.c.i.e.AbstractTransferListenerAdapter - Downloading https://maven.aliyun.com/repository/public/org/yaml/snakeyaml/1.26/snakeyaml-1.26-sources.jar
2026-07-27 19:05:26,216 [Worker-16: Download sources and javadoc] INFO  o.e.m.c.i.e.AbstractTransferListenerAdapter - Downloaded https://maven.aliyun.com/repository/public/org/yaml/snakeyaml/1.26/snakeyaml-1.26-sources.jar
2026-07-27 19:05:26,244 [Worker-16: Download sources and javadoc] INFO  o.e.m.j.internal.DownloadSourcesJob - Downloaded sources for org.yaml:snakeyaml:1.26
2026-07-27 19:05:26,642 [Worker-16: Download sources and javadoc] INFO  o.e.m.c.i.e.AbstractTransferListenerAdapter - Downloading https://maven.aliyun.com/repository/public/org/springframework/boot/spring-boot-starter-json/2.3.0.RELEASE/spring-boot-starter-json-2.3.0.RELEASE-sources.jar
2026-07-27 19:05:26,961 [Worker-16: Download sources and javadoc] INFO  o.e.m.c.i.e.AbstractTransferListenerAdapter - Downloaded https://maven.aliyun.com/repository/public/org/springframework/boot/spring-boot-starter-json/2.3.0.RELEASE/spring-boot-starter-json-2.3.0.RELEASE-sources.jar
2026-07-27 19:05:26,988 [Worker-16: Download sources and javadoc] INFO  o.e.m.j.internal.DownloadSourcesJob - Downloaded sources for org.springframework.boot:spring-boot-starter-json:2.3.0.RELEASE
2026-07-27 19:05:27,073 [Worker-16: Download sources and javadoc] INFO  o.e.m.c.i.e.AbstractTransferListenerAdapter - Downloading https://maven.aliyun.com/repository/public/com/fasterxml/jackson/core/jackson-databind/2.11.0/jackson-databind-2.11.0-sources.jar
2026-07-27 19:05:27,537 [Worker-16: Download sources and javadoc] INFO  o.e.m.c.i.e.AbstractTransferListenerAdapter - Downloaded https://maven.aliyun.com/repository/public/com/fasterxml/jackson/core/jackson-databind/2.11.0/jackson-databind-2.11.0-sources.jar
2026-07-27 19:05:27,564 [Worker-16: Download sources and javadoc] INFO  o.e.m.j.internal.DownloadSourcesJob - Downloaded sources for com.fasterxml.jackson.core:jackson-databind:2.11.0
2026-07-27 19:05:27,979 [Worker-16: Download sources and javadoc] INFO  o.e.m.c.i.e.AbstractTransferListenerAdapter - Downloading https://maven.aliyun.com/repository/public/com/fasterxml/jackson/core/jackson-core/2.11.0/jackson-core-2.11.0-sources.jar
2026-07-27 19:05:28,413 [Worker-16: Download sources and javadoc] INFO  o.e.m.c.i.e.AbstractTransferListenerAdapter - Downloaded https://maven.aliyun.com/repository/public/com/fasterxml/jackson/core/jackson-core/2.11.0/jackson-core-2.11.0-sources.jar
2026-07-27 19:05:28,440 [Worker-16: Download sources and javadoc] INFO  o.e.m.j.internal.DownloadSourcesJob - Downloaded sources for com.fasterxml.jackson.core:jackson-core:2.11.0
2026-07-27 19:05:28,542 [Worker-16: Download sources and javadoc] INFO  o.e.m.c.i.e.AbstractTransferListenerAdapter - Downloading https://maven.aliyun.com/repository/public/com/fasterxml/jackson/datatype/jackson-datatype-jdk8/2.11.0/jackson-datatype-jdk8-2.11.0-sources.jar
2026-07-27 19:05:28,850 [Worker-16: Download sources and javadoc] INFO  o.e.m.c.i.e.AbstractTransferListenerAdapter - Downloaded https://maven.aliyun.com/repository/public/com/fasterxml/jackson/datatype/jackson-datatype-jdk8/2.11.0/jackson-datatype-jdk8-2.11.0-sources.jar
2026-07-27 19:05:28,897 [Worker-16: Download sources and javadoc] INFO  o.e.m.j.internal.DownloadSourcesJob - Downloaded sources for com.fasterxml.jackson.datatype:jackson-datatype-jdk8:2.11.0
2026-07-27 19:05:29,020 [Worker-16: Download sources and javadoc] INFO  o.e.m.c.i.e.AbstractTransferListenerAdapter - Downloading https://maven.aliyun.com/repository/public/com/fasterxml/jackson/datatype/jackson-datatype-jsr310/2.11.0/jackson-datatype-jsr310-2.11.0-sources.jar
2026-07-27 19:05:29,392 [Worker-16: Download sources and javadoc] INFO  o.e.m.c.i.e.AbstractTransferListenerAdapter - Downloaded https://maven.aliyun.com/repository/public/com/fasterxml/jackson/datatype/jackson-datatype-jsr310/2.11.0/jackson-datatype-jsr310-2.11.0-sources.jar
2026-07-27 19:05:29,425 [Worker-16: Download sources and javadoc] INFO  o.e.m.j.internal.DownloadSourcesJob - Downloaded sources for com.fasterxml.jackson.datatype:jackson-datatype-jsr310:2.11.0
2026-07-27 19:05:29,558 [Worker-16: Download sources and javadoc] INFO  o.e.m.c.i.e.AbstractTransferListenerAdapter - Downloading https://maven.aliyun.com/repository/public/com/fasterxml/jackson/module/jackson-module-parameter-names/2.11.0/jackson-module-parameter-names-2.11.0-sources.jar
2026-07-27 19:05:29,913 [Worker-16: Download sources and javadoc] INFO  o.e.m.c.i.e.AbstractTransferListenerAdapter - Downloaded https://maven.aliyun.com/repository/public/com/fasterxml/jackson/module/jackson-module-parameter-names/2.11.0/jackson-module-parameter-names-2.11.0-sources.jar
2026-07-27 19:05:29,942 [Worker-16: Download sources and javadoc] INFO  o.e.m.j.internal.DownloadSourcesJob - Downloaded sources for com.fasterxml.jackson.module:jackson-module-parameter-names:2.11.0
2026-07-27 19:05:30,378 [Worker-16: Download sources and javadoc] INFO  o.e.m.c.i.e.AbstractTransferListenerAdapter - Downloading https://maven.aliyun.com/repository/public/org/springframework/boot/spring-boot-starter-tomcat/2.3.0.RELEASE/spring-boot-starter-tomcat-2.3.0.RELEASE-sources.jar
2026-07-27 19:05:30,637 [Worker-16: Download sources and javadoc] INFO  o.e.m.c.i.e.AbstractTransferListenerAdapter - Downloaded https://maven.aliyun.com/repository/public/org/springframework/boot/spring-boot-starter-tomcat/2.3.0.RELEASE/spring-boot-starter-tomcat-2.3.0.RELEASE-sources.jar
2026-07-27 19:05:30,667 [Worker-16: Download sources and javadoc] INFO  o.e.m.j.internal.DownloadSourcesJob - Downloaded sources for org.springframework.boot:spring-boot-starter-tomcat:2.3.0.RELEASE
2026-07-27 19:05:30,776 [Worker-16: Download sources and javadoc] INFO  o.e.m.c.i.e.AbstractTransferListenerAdapter - Downloading https://maven.aliyun.com/repository/public/org/apache/tomcat/embed/tomcat-embed-core/9.0.35/tomcat-embed-core-9.0.35-sources.jar
2026-07-27 19:05:31,298 [Worker-16: Download sources and javadoc] INFO  o.e.m.c.i.e.AbstractTransferListenerAdapter - Downloaded https://maven.aliyun.com/repository/public/org/apache/tomcat/embed/tomcat-embed-core/9.0.35/tomcat-embed-core-9.0.35-sources.jar
2026-07-27 19:05:31,327 [Worker-16: Download sources and javadoc] INFO  o.e.m.j.internal.DownloadSourcesJob - Downloaded sources for org.apache.tomcat.embed:tomcat-embed-core:9.0.35
2026-07-27 19:05:31,432 [Worker-16: Download sources and javadoc] INFO  o.e.m.c.i.e.AbstractTransferListenerAdapter - Downloading https://maven.aliyun.com/repository/public/org/glassfish/jakarta.el/3.0.3/jakarta.el-3.0.3-sources.jar
2026-07-27 19:05:31,496 [Worker-16: Download sources and javadoc] INFO  o.e.m.c.i.e.AbstractTransferListenerAdapter - Downloaded https://maven.aliyun.com/repository/public/org/glassfish/jakarta.el/3.0.3/jakarta.el-3.0.3-sources.jar
2026-07-27 19:05:31,523 [Worker-16: Download sources and javadoc] INFO  o.e.m.j.internal.DownloadSourcesJob - Downloaded sources for org.glassfish:jakarta.el:3.0.3
2026-07-27 19:05:31,632 [Worker-16: Download sources and javadoc] INFO  o.e.m.c.i.e.AbstractTransferListenerAdapter - Downloading https://maven.aliyun.com/repository/public/org/apache/tomcat/embed/tomcat-embed-websocket/9.0.35/tomcat-embed-websocket-9.0.35-sources.jar
2026-07-27 19:05:31,969 [Worker-16: Download sources and javadoc] INFO  o.e.m.c.i.e.AbstractTransferListenerAdapter - Downloaded https://maven.aliyun.com/repository/public/org/apache/tomcat/embed/tomcat-embed-websocket/9.0.35/tomcat-embed-websocket-9.0.35-sources.jar
2026-07-27 19:05:31,995 [Worker-16: Download sources and javadoc] INFO  o.e.m.j.internal.DownloadSourcesJob - Downloaded sources for org.apache.tomcat.embed:tomcat-embed-websocket:9.0.35
2026-07-27 19:05:32,085 [Worker-16: Download sources and javadoc] INFO  o.e.m.c.i.e.AbstractTransferListenerAdapter - Downloading https://maven.aliyun.com/repository/public/org/springframework/spring-web/5.2.6.RELEASE/spring-web-5.2.6.RELEASE-sources.jar
2026-07-27 19:05:32,539 [Worker-16: Download sources and javadoc] INFO  o.e.m.c.i.e.AbstractTransferListenerAdapter - Downloaded https://maven.aliyun.com/repository/public/org/springframework/spring-web/5.2.6.RELEASE/spring-web-5.2.6.RELEASE-sources.jar
2026-07-27 19:05:32,567 [Worker-16: Download sources and javadoc] INFO  o.e.m.j.internal.DownloadSourcesJob - Downloaded sources for org.springframework:spring-web:5.2.6.RELEASE
2026-07-27 19:05:32,732 [Worker-16: Download sources and javadoc] INFO  o.e.m.c.i.e.AbstractTransferListenerAdapter - Downloading https://maven.aliyun.com/repository/public/org/springframework/spring-webmvc/5.2.6.RELEASE/spring-webmvc-5.2.6.RELEASE-sources.jar
2026-07-27 19:05:33,246 [Worker-16: Download sources and javadoc] INFO  o.e.m.c.i.e.AbstractTransferListenerAdapter - Downloaded https://maven.aliyun.com/repository/public/org/springframework/spring-webmvc/5.2.6.RELEASE/spring-webmvc-5.2.6.RELEASE-sources.jar
2026-07-27 19:05:33,274 [Worker-16: Download sources and javadoc] INFO  o.e.m.j.internal.DownloadSourcesJob - Downloaded sources for org.springframework:spring-webmvc:5.2.6.RELEASE
2026-07-27 19:05:33,687 [Worker-16: Download sources and javadoc] INFO  o.e.m.c.i.e.AbstractTransferListenerAdapter - Downloading https://maven.aliyun.com/repository/public/org/springframework/boot/spring-boot-starter-freemarker/2.3.0.RELEASE/spring-boot-starter-freemarker-2.3.0.RELEASE-sources.jar
2026-07-27 19:05:34,053 [Worker-16: Download sources and javadoc] INFO  o.e.m.c.i.e.AbstractTransferListenerAdapter - Downloaded https://maven.aliyun.com/repository/public/org/springframework/boot/spring-boot-starter-freemarker/2.3.0.RELEASE/spring-boot-starter-freemarker-2.3.0.RELEASE-sources.jar
2026-07-27 19:05:34,104 [Worker-16: Download sources and javadoc] INFO  o.e.m.j.internal.DownloadSourcesJob - Downloaded sources for org.springframework.boot:spring-boot-starter-freemarker:2.3.0.RELEASE
2026-07-27 19:05:34,197 [Worker-16: Download sources and javadoc] INFO  o.e.m.c.i.e.AbstractTransferListenerAdapter - Downloading https://maven.aliyun.com/repository/public/org/freemarker/freemarker/2.3.30/freemarker-2.3.30-sources.jar
2026-07-27 19:05:34,656 [Worker-16: Download sources and javadoc] INFO  o.e.m.c.i.e.AbstractTransferListenerAdapter - Downloaded https://maven.aliyun.com/repository/public/org/freemarker/freemarker/2.3.30/freemarker-2.3.30-sources.jar
2026-07-27 19:05:34,685 [Worker-16: Download sources and javadoc] INFO  o.e.m.j.internal.DownloadSourcesJob - Downloaded sources for org.freemarker:freemarker:2.3.30
2026-07-27 19:05:34,801 [Worker-16: Download sources and javadoc] INFO  o.e.m.c.i.e.AbstractTransferListenerAdapter - Downloading https://maven.aliyun.com/repository/public/org/springframework/spring-context-support/5.2.6.RELEASE/spring-context-support-5.2.6.RELEASE-sources.jar
2026-07-27 19:05:35,132 [Worker-16: Download sources and javadoc] INFO  o.e.m.c.i.e.AbstractTransferListenerAdapter - Downloaded https://maven.aliyun.com/repository/public/org/springframework/spring-context-support/5.2.6.RELEASE/spring-context-support-5.2.6.RELEASE-sources.jar
2026-07-27 19:05:35,162 [Worker-16: Download sources and javadoc] INFO  o.e.m.j.internal.DownloadSourcesJob - Downloaded sources for org.springframework:spring-context-support:5.2.6.RELEASE
2026-07-27 19:05:35,291 [Worker-16: Download sources and javadoc] INFO  o.e.m.c.i.e.AbstractTransferListenerAdapter - Downloading https://maven.aliyun.com/repository/public/com/google/code/gson/gson/2.8.5/gson-2.8.5-sources.jar
2026-07-27 19:05:35,352 [Worker-16: Download sources and javadoc] INFO  o.e.m.c.i.e.AbstractTransferListenerAdapter - Downloaded https://maven.aliyun.com/repository/public/com/google/code/gson/gson/2.8.5/gson-2.8.5-sources.jar
2026-07-27 19:05:35,380 [Worker-16: Download sources and javadoc] INFO  o.e.m.j.internal.DownloadSourcesJob - Downloaded sources for com.google.code.gson:gson:2.8.5
2026-07-27 19:05:35,746 [Worker-16: Download sources and javadoc] INFO  o.e.m.c.i.e.AbstractTransferListenerAdapter - Downloading https://maven.aliyun.com/repository/public/org/springframework/boot/spring-boot-starter-test/2.3.0.RELEASE/spring-boot-starter-test-2.3.0.RELEASE-sources.jar
2026-07-27 19:05:36,121 [Worker-16: Download sources and javadoc] INFO  o.e.m.c.i.e.AbstractTransferListenerAdapter - Downloaded https://maven.aliyun.com/repository/public/org/springframework/boot/spring-boot-starter-test/2.3.0.RELEASE/spring-boot-starter-test-2.3.0.RELEASE-sources.jar
2026-07-27 19:05:36,147 [Worker-16: Download sources and javadoc] INFO  o.e.m.j.internal.DownloadSourcesJob - Downloaded sources for org.springframework.boot:spring-boot-starter-test:2.3.0.RELEASE
2026-07-27 19:05:36,248 [Worker-16: Download sources and javadoc] INFO  o.e.m.c.i.e.AbstractTransferListenerAdapter - Downloading https://maven.aliyun.com/repository/public/org/springframework/boot/spring-boot-test/2.3.0.RELEASE/spring-boot-test-2.3.0.RELEASE-sources.jar
2026-07-27 19:05:36,613 [Worker-16: Download sources and javadoc] INFO  o.e.m.c.i.e.AbstractTransferListenerAdapter - Downloaded https://maven.aliyun.com/repository/public/org/springframework/boot/spring-boot-test/2.3.0.RELEASE/spring-boot-test-2.3.0.RELEASE-sources.jar
2026-07-27 19:05:36,642 [Worker-16: Download sources and javadoc] INFO  o.e.m.j.internal.DownloadSourcesJob - Downloaded sources for org.springframework.boot:spring-boot-test:2.3.0.RELEASE
2026-07-27 19:05:36,737 [Worker-16: Download sources and javadoc] INFO  o.e.m.c.i.e.AbstractTransferListenerAdapter - Downloading https://maven.aliyun.com/repository/public/org/springframework/boot/spring-boot-test-autoconfigure/2.3.0.RELEASE/spring-boot-test-autoconfigure-2.3.0.RELEASE-sources.jar
2026-07-27 19:05:37,085 [Worker-16: Download sources and javadoc] INFO  o.e.m.c.i.e.AbstractTransferListenerAdapter - Downloaded https://maven.aliyun.com/repository/public/org/springframework/boot/spring-boot-test-autoconfigure/2.3.0.RELEASE/spring-boot-test-autoconfigure-2.3.0.RELEASE-sources.jar
2026-07-27 19:05:37,116 [Worker-16: Download sources and javadoc] INFO  o.e.m.j.internal.DownloadSourcesJob - Downloaded sources for org.springframework.boot:spring-boot-test-autoconfigure:2.3.0.RELEASE
2026-07-27 19:05:37,211 [Worker-16: Download sources and javadoc] INFO  o.e.m.c.i.e.AbstractTransferListenerAdapter - Downloading https://maven.aliyun.com/repository/public/com/jayway/jsonpath/json-path/2.4.0/json-path-2.4.0-sources.jar
2026-07-27 19:05:37,577 [Worker-16: Download sources and javadoc] INFO  o.e.m.c.i.e.AbstractTransferListenerAdapter - Downloaded https://maven.aliyun.com/repository/public/com/jayway/jsonpath/json-path/2.4.0/json-path-2.4.0-sources.jar
2026-07-27 19:05:37,605 [Worker-16: Download sources and javadoc] INFO  o.e.m.j.internal.DownloadSourcesJob - Downloaded sources for com.jayway.jsonpath:json-path:2.4.0
2026-07-27 19:05:37,679 [Worker-16: Download sources and javadoc] INFO  o.e.m.c.i.e.AbstractTransferListenerAdapter - Downloading https://maven.aliyun.com/repository/public/net/minidev/json-smart/2.3/json-smart-2.3-sources.jar
2026-07-27 19:05:37,724 [Worker-16: Download sources and javadoc] INFO  o.e.m.c.i.e.AbstractTransferListenerAdapter - Downloaded https://maven.aliyun.com/repository/public/net/minidev/json-smart/2.3/json-smart-2.3-sources.jar
2026-07-27 19:05:37,753 [Worker-16: Download sources and javadoc] INFO  o.e.m.j.internal.DownloadSourcesJob - Downloaded sources for net.minidev:json-smart:2.3
2026-07-27 19:05:37,847 [Worker-16: Download sources and javadoc] INFO  o.e.m.c.i.e.AbstractTransferListenerAdapter - Downloading https://maven.aliyun.com/repository/public/net/minidev/accessors-smart/1.2/accessors-smart-1.2-sources.jar
2026-07-27 19:05:37,881 [Worker-16: Download sources and javadoc] INFO  o.e.m.c.i.e.AbstractTransferListenerAdapter - Downloaded https://maven.aliyun.com/repository/public/net/minidev/accessors-smart/1.2/accessors-smart-1.2-sources.jar
2026-07-27 19:05:37,924 [Worker-16: Download sources and javadoc] INFO  o.e.m.j.internal.DownloadSourcesJob - Downloaded sources for net.minidev:accessors-smart:1.2
2026-07-27 19:05:38,164 [Worker-16: Download sources and javadoc] INFO  o.e.m.c.i.e.AbstractTransferListenerAdapter - Downloading https://maven.aliyun.com/repository/public/org/ow2/asm/asm/5.0.4/asm-5.0.4-sources.jar
2026-07-27 19:05:38,640 [Worker-16: Download sources and javadoc] INFO  o.e.m.c.i.e.AbstractTransferListenerAdapter - Downloaded https://maven.aliyun.com/repository/public/org/ow2/asm/asm/5.0.4/asm-5.0.4-sources.jar
2026-07-27 19:05:38,669 [Worker-16: Download sources and javadoc] INFO  o.e.m.j.internal.DownloadSourcesJob - Downloaded sources for org.ow2.asm:asm:5.0.4
2026-07-27 19:05:38,733 [Worker-16: Download sources and javadoc] INFO  o.e.m.c.i.e.AbstractTransferListenerAdapter - Downloading https://maven.aliyun.com/repository/public/jakarta/xml/bind/jakarta.xml.bind-api/2.3.3/jakarta.xml.bind-api-2.3.3-sources.jar
2026-07-27 19:05:39,212 [Worker-16: Download sources and javadoc] INFO  o.e.m.c.i.e.AbstractTransferListenerAdapter - Downloaded https://maven.aliyun.com/repository/public/jakarta/xml/bind/jakarta.xml.bind-api/2.3.3/jakarta.xml.bind-api-2.3.3-sources.jar
2026-07-27 19:05:39,244 [Worker-16: Download sources and javadoc] INFO  o.e.m.j.internal.DownloadSourcesJob - Downloaded sources for jakarta.xml.bind:jakarta.xml.bind-api:2.3.3
2026-07-27 19:05:39,337 [Worker-16: Download sources and javadoc] INFO  o.e.m.c.i.e.AbstractTransferListenerAdapter - Downloading https://maven.aliyun.com/repository/public/jakarta/activation/jakarta.activation-api/1.2.2/jakarta.activation-api-1.2.2-sources.jar
2026-07-27 19:05:39,713 [Worker-16: Download sources and javadoc] INFO  o.e.m.c.i.e.AbstractTransferListenerAdapter - Downloaded https://maven.aliyun.com/repository/public/jakarta/activation/jakarta.activation-api/1.2.2/jakarta.activation-api-1.2.2-sources.jar
2026-07-27 19:05:39,741 [Worker-16: Download sources and javadoc] INFO  o.e.m.j.internal.DownloadSourcesJob - Downloaded sources for jakarta.activation:jakarta.activation-api:1.2.2
2026-07-27 19:05:39,859 [Worker-16: Download sources and javadoc] INFO  o.e.m.c.i.e.AbstractTransferListenerAdapter - Downloading https://maven.aliyun.com/repository/public/org/assertj/assertj-core/3.16.1/assertj-core-3.16.1-sources.jar
2026-07-27 19:05:40,014 [Worker-16: Download sources and javadoc] INFO  o.e.m.c.i.e.AbstractTransferListenerAdapter - Downloaded https://maven.aliyun.com/repository/public/org/assertj/assertj-core/3.16.1/assertj-core-3.16.1-sources.jar
2026-07-27 19:05:40,045 [Worker-16: Download sources and javadoc] INFO  o.e.m.j.internal.DownloadSourcesJob - Downloaded sources for org.assertj:assertj-core:3.16.1
2026-07-27 19:05:40,110 [Worker-16: Download sources and javadoc] INFO  o.e.m.c.i.e.AbstractTransferListenerAdapter - Downloading https://maven.aliyun.com/repository/public/org/hamcrest/hamcrest/2.2/hamcrest-2.2-sources.jar
2026-07-27 19:05:40,409 [Worker-16: Download sources and javadoc] INFO  o.e.m.c.i.e.AbstractTransferListenerAdapter - Downloaded https://maven.aliyun.com/repository/public/org/hamcrest/hamcrest/2.2/hamcrest-2.2-sources.jar
2026-07-27 19:05:40,434 [Worker-16: Download sources and javadoc] INFO  o.e.m.j.internal.DownloadSourcesJob - Downloaded sources for org.hamcrest:hamcrest:2.2
2026-07-27 19:05:40,856 [Worker-16: Download sources and javadoc] INFO  o.e.m.c.i.e.AbstractTransferListenerAdapter - Downloading https://maven.aliyun.com/repository/public/org/junit/jupiter/junit-jupiter/5.6.2/junit-jupiter-5.6.2-sources.jar
2026-07-27 19:05:41,270 [Worker-16: Download sources and javadoc] INFO  o.e.m.c.i.e.AbstractTransferListenerAdapter - Downloaded https://maven.aliyun.com/repository/public/org/junit/jupiter/junit-jupiter/5.6.2/junit-jupiter-5.6.2-sources.jar
2026-07-27 19:05:41,302 [Worker-16: Download sources and javadoc] INFO  o.e.m.j.internal.DownloadSourcesJob - Downloaded sources for org.junit.jupiter:junit-jupiter:5.6.2
2026-07-27 19:05:41,409 [Worker-16: Download sources and javadoc] INFO  o.e.m.c.i.e.AbstractTransferListenerAdapter - Downloading https://maven.aliyun.com/repository/public/org/junit/jupiter/junit-jupiter-api/5.6.2/junit-jupiter-api-5.6.2-sources.jar
2026-07-27 19:05:41,766 [Worker-16: Download sources and javadoc] INFO  o.e.m.c.i.e.AbstractTransferListenerAdapter - Downloaded https://maven.aliyun.com/repository/public/org/junit/jupiter/junit-jupiter-api/5.6.2/junit-jupiter-api-5.6.2-sources.jar
2026-07-27 19:05:41,795 [Worker-16: Download sources and javadoc] INFO  o.e.m.j.internal.DownloadSourcesJob - Downloaded sources for org.junit.jupiter:junit-jupiter-api:5.6.2
2026-07-27 19:05:41,860 [Worker-16: Download sources and javadoc] INFO  o.e.m.c.i.e.AbstractTransferListenerAdapter - Downloading https://maven.aliyun.com/repository/public/org/opentest4j/opentest4j/1.2.0/opentest4j-1.2.0-sources.jar
2026-07-27 19:05:42,173 [Worker-16: Download sources and javadoc] INFO  o.e.m.c.i.e.AbstractTransferListenerAdapter - Downloaded https://maven.aliyun.com/repository/public/org/opentest4j/opentest4j/1.2.0/opentest4j-1.2.0-sources.jar
2026-07-27 19:05:42,200 [Worker-16: Download sources and javadoc] INFO  o.e.m.j.internal.DownloadSourcesJob - Downloaded sources for org.opentest4j:opentest4j:1.2.0
2026-07-27 19:05:42,305 [Worker-16: Download sources and javadoc] INFO  o.e.m.c.i.e.AbstractTransferListenerAdapter - Downloading https://maven.aliyun.com/repository/public/org/junit/platform/junit-platform-commons/1.6.2/junit-platform-commons-1.6.2-sources.jar
2026-07-27 19:05:42,541 [Worker-16: Download sources and javadoc] INFO  o.e.m.c.i.e.AbstractTransferListenerAdapter - Downloaded https://maven.aliyun.com/repository/public/org/junit/platform/junit-platform-commons/1.6.2/junit-platform-commons-1.6.2-sources.jar
2026-07-27 19:05:42,586 [Worker-16: Download sources and javadoc] INFO  o.e.m.j.internal.DownloadSourcesJob - Downloaded sources for org.junit.platform:junit-platform-commons:1.6.2
2026-07-27 19:05:42,686 [Worker-16: Download sources and javadoc] INFO  o.e.m.c.i.e.AbstractTransferListenerAdapter - Downloading https://maven.aliyun.com/repository/public/org/junit/jupiter/junit-jupiter-params/5.6.2/junit-jupiter-params-5.6.2-sources.jar
2026-07-27 19:05:42,941 [Worker-16: Download sources and javadoc] INFO  o.e.m.c.i.e.AbstractTransferListenerAdapter - Downloaded https://maven.aliyun.com/repository/public/org/junit/jupiter/junit-jupiter-params/5.6.2/junit-jupiter-params-5.6.2-sources.jar
2026-07-27 19:05:42,970 [Worker-16: Download sources and javadoc] INFO  o.e.m.j.internal.DownloadSourcesJob - Downloaded sources for org.junit.jupiter:junit-jupiter-params:5.6.2
2026-07-27 19:05:43,069 [Worker-16: Download sources and javadoc] INFO  o.e.m.c.i.e.AbstractTransferListenerAdapter - Downloading https://maven.aliyun.com/repository/public/org/junit/jupiter/junit-jupiter-engine/5.6.2/junit-jupiter-engine-5.6.2-sources.jar
2026-07-27 19:05:43,392 [Worker-16: Download sources and javadoc] INFO  o.e.m.c.i.e.AbstractTransferListenerAdapter - Downloaded https://maven.aliyun.com/repository/public/org/junit/jupiter/junit-jupiter-engine/5.6.2/junit-jupiter-engine-5.6.2-sources.jar
2026-07-27 19:05:43,421 [Worker-16: Download sources and javadoc] INFO  o.e.m.j.internal.DownloadSourcesJob - Downloaded sources for org.junit.jupiter:junit-jupiter-engine:5.6.2
2026-07-27 19:05:43,518 [Worker-16: Download sources and javadoc] INFO  o.e.m.c.i.e.AbstractTransferListenerAdapter - Downloading https://maven.aliyun.com/repository/public/org/junit/vintage/junit-vintage-engine/5.6.2/junit-vintage-engine-5.6.2-sources.jar
2026-07-27 19:05:43,835 [Worker-16: Download sources and javadoc] INFO  o.e.m.c.i.e.AbstractTransferListenerAdapter - Downloaded https://maven.aliyun.com/repository/public/org/junit/vintage/junit-vintage-engine/5.6.2/junit-vintage-engine-5.6.2-sources.jar
2026-07-27 19:05:43,863 [Worker-16: Download sources and javadoc] INFO  o.e.m.j.internal.DownloadSourcesJob - Downloaded sources for org.junit.vintage:junit-vintage-engine:5.6.2
2026-07-27 19:05:43,929 [Worker-16: Download sources and javadoc] INFO  o.e.m.c.i.e.AbstractTransferListenerAdapter - Downloading https://maven.aliyun.com/repository/public/org/apiguardian/apiguardian-api/1.1.0/apiguardian-api-1.1.0-sources.jar
2026-07-27 19:05:43,972 [Worker-16: Download sources and javadoc] INFO  o.e.m.c.i.e.AbstractTransferListenerAdapter - Downloaded https://maven.aliyun.com/repository/public/org/apiguardian/apiguardian-api/1.1.0/apiguardian-api-1.1.0-sources.jar
2026-07-27 19:05:43,998 [Worker-16: Download sources and javadoc] INFO  o.e.m.j.internal.DownloadSourcesJob - Downloaded sources for org.apiguardian:apiguardian-api:1.1.0
2026-07-27 19:05:44,094 [Worker-16: Download sources and javadoc] INFO  o.e.m.c.i.e.AbstractTransferListenerAdapter - Downloading https://maven.aliyun.com/repository/public/org/junit/platform/junit-platform-engine/1.6.2/junit-platform-engine-1.6.2-sources.jar
2026-07-27 19:05:44,331 [Worker-16: Download sources and javadoc] INFO  o.e.m.c.i.e.AbstractTransferListenerAdapter - Downloaded https://maven.aliyun.com/repository/public/org/junit/platform/junit-platform-engine/1.6.2/junit-platform-engine-1.6.2-sources.jar
2026-07-27 19:05:44,363 [Worker-16: Download sources and javadoc] INFO  o.e.m.j.internal.DownloadSourcesJob - Downloaded sources for org.junit.platform:junit-platform-engine:1.6.2
2026-07-27 19:05:44,497 [Worker-16: Download sources and javadoc] INFO  o.e.m.c.i.e.AbstractTransferListenerAdapter - Downloading https://maven.aliyun.com/repository/public/junit/junit/4.13/junit-4.13-sources.jar
2026-07-27 19:05:44,561 [Worker-16: Download sources and javadoc] INFO  o.e.m.c.i.e.AbstractTransferListenerAdapter - Downloaded https://maven.aliyun.com/repository/public/junit/junit/4.13/junit-4.13-sources.jar
2026-07-27 19:05:44,588 [Worker-16: Download sources and javadoc] INFO  o.e.m.j.internal.DownloadSourcesJob - Downloaded sources for junit:junit:4.13
2026-07-27 19:05:44,705 [Worker-16: Download sources and javadoc] INFO  o.e.m.c.i.e.AbstractTransferListenerAdapter - Downloading https://maven.aliyun.com/repository/public/org/mockito/mockito-core/3.3.3/mockito-core-3.3.3-sources.jar
2026-07-27 19:05:44,824 [Worker-16: Download sources and javadoc] INFO  o.e.m.c.i.e.AbstractTransferListenerAdapter - Downloaded https://maven.aliyun.com/repository/public/org/mockito/mockito-core/3.3.3/mockito-core-3.3.3-sources.jar
2026-07-27 19:05:44,853 [Worker-16: Download sources and javadoc] INFO  o.e.m.j.internal.DownloadSourcesJob - Downloaded sources for org.mockito:mockito-core:3.3.3
2026-07-27 19:05:44,947 [Worker-16: Download sources and javadoc] INFO  o.e.m.c.i.e.AbstractTransferListenerAdapter - Downloading https://maven.aliyun.com/repository/public/net/bytebuddy/byte-buddy/1.10.10/byte-buddy-1.10.10-sources.jar
2026-07-27 19:05:45,454 [Worker-16: Download sources and javadoc] INFO  o.e.m.c.i.e.AbstractTransferListenerAdapter - Downloaded https://maven.aliyun.com/repository/public/net/bytebuddy/byte-buddy/1.10.10/byte-buddy-1.10.10-sources.jar
2026-07-27 19:05:45,480 [Worker-16: Download sources and javadoc] INFO  o.e.m.j.internal.DownloadSourcesJob - Downloaded sources for net.bytebuddy:byte-buddy:1.10.10
2026-07-27 19:05:45,575 [Worker-16: Download sources and javadoc] INFO  o.e.m.c.i.e.AbstractTransferListenerAdapter - Downloading https://maven.aliyun.com/repository/public/net/bytebuddy/byte-buddy-agent/1.10.10/byte-buddy-agent-1.10.10-sources.jar
2026-07-27 19:05:45,858 [Worker-16: Download sources and javadoc] INFO  o.e.m.c.i.e.AbstractTransferListenerAdapter - Downloaded https://maven.aliyun.com/repository/public/net/bytebuddy/byte-buddy-agent/1.10.10/byte-buddy-agent-1.10.10-sources.jar
2026-07-27 19:05:45,905 [Worker-16: Download sources and javadoc] INFO  o.e.m.j.internal.DownloadSourcesJob - Downloaded sources for net.bytebuddy:byte-buddy-agent:1.10.10
2026-07-27 19:05:45,987 [Worker-16: Download sources and javadoc] INFO  o.e.m.c.i.e.AbstractTransferListenerAdapter - Downloading https://maven.aliyun.com/repository/public/org/objenesis/objenesis/2.6/objenesis-2.6-sources.jar
2026-07-27 19:05:46,026 [Worker-16: Download sources and javadoc] INFO  o.e.m.c.i.e.AbstractTransferListenerAdapter - Downloaded https://maven.aliyun.com/repository/public/org/objenesis/objenesis/2.6/objenesis-2.6-sources.jar
2026-07-27 19:05:46,055 [Worker-16: Download sources and javadoc] INFO  o.e.m.j.internal.DownloadSourcesJob - Downloaded sources for org.objenesis:objenesis:2.6
2026-07-27 19:05:46,159 [Worker-16: Download sources and javadoc] INFO  o.e.m.c.i.e.AbstractTransferListenerAdapter - Downloading https://maven.aliyun.com/repository/public/org/mockito/mockito-junit-jupiter/3.3.3/mockito-junit-jupiter-3.3.3-sources.jar
2026-07-27 19:05:46,203 [Worker-16: Download sources and javadoc] INFO  o.e.m.c.i.e.AbstractTransferListenerAdapter - Downloaded https://maven.aliyun.com/repository/public/org/mockito/mockito-junit-jupiter/3.3.3/mockito-junit-jupiter-3.3.3-sources.jar
2026-07-27 19:05:46,228 [Worker-16: Download sources and javadoc] INFO  o.e.m.j.internal.DownloadSourcesJob - Downloaded sources for org.mockito:mockito-junit-jupiter:3.3.3
2026-07-27 19:05:46,322 [Worker-16: Download sources and javadoc] INFO  o.e.m.c.i.e.AbstractTransferListenerAdapter - Downloading https://maven.aliyun.com/repository/public/org/skyscreamer/jsonassert/1.5.0/jsonassert-1.5.0-sources.jar
2026-07-27 19:05:46,362 [Worker-16: Download sources and javadoc] INFO  o.e.m.c.i.e.AbstractTransferListenerAdapter - Downloaded https://maven.aliyun.com/repository/public/org/skyscreamer/jsonassert/1.5.0/jsonassert-1.5.0-sources.jar
2026-07-27 19:05:46,388 [Worker-16: Download sources and javadoc] INFO  o.e.m.j.internal.DownloadSourcesJob - Downloaded sources for org.skyscreamer:jsonassert:1.5.0
2026-07-27 19:05:46,455 [Worker-16: Download sources and javadoc] INFO  o.e.m.c.i.e.AbstractTransferListenerAdapter - Downloading https://maven.aliyun.com/repository/public/com/vaadin/external/google/android-json/0.0.20131108.vaadin1/android-json-0.0.20131108.vaadin1-sources.jar
2026-07-27 19:05:46,508 [Worker-16: Download sources and javadoc] INFO  o.e.m.c.i.e.AbstractTransferListenerAdapter - Downloaded https://maven.aliyun.com/repository/public/com/vaadin/external/google/android-json/0.0.20131108.vaadin1/android-json-0.0.20131108.vaadin1-sources.jar
2026-07-27 19:05:46,535 [Worker-16: Download sources and javadoc] INFO  o.e.m.j.internal.DownloadSourcesJob - Downloaded sources for com.vaadin.external.google:android-json:0.0.20131108.vaadin1
2026-07-27 19:05:46,662 [Worker-16: Download sources and javadoc] INFO  o.e.m.c.i.e.AbstractTransferListenerAdapter - Downloading https://maven.aliyun.com/repository/public/org/springframework/spring-core/5.2.6.RELEASE/spring-core-5.2.6.RELEASE-sources.jar
2026-07-27 19:05:47,023 [Worker-16: Download sources and javadoc] INFO  o.e.m.c.i.e.AbstractTransferListenerAdapter - Downloaded https://maven.aliyun.com/repository/public/org/springframework/spring-core/5.2.6.RELEASE/spring-core-5.2.6.RELEASE-sources.jar
2026-07-27 19:05:47,055 [Worker-16: Download sources and javadoc] INFO  o.e.m.j.internal.DownloadSourcesJob - Downloaded sources for org.springframework:spring-core:5.2.6.RELEASE
2026-07-27 19:05:47,540 [Worker-16: Download sources and javadoc] INFO  o.e.m.c.i.e.AbstractTransferListenerAdapter - Downloading https://maven.aliyun.com/repository/public/org/springframework/spring-jcl/5.2.6.RELEASE/spring-jcl-5.2.6.RELEASE-sources.jar
2026-07-27 19:05:47,884 [Worker-16: Download sources and javadoc] INFO  o.e.m.c.i.e.AbstractTransferListenerAdapter - Downloaded https://maven.aliyun.com/repository/public/org/springframework/spring-jcl/5.2.6.RELEASE/spring-jcl-5.2.6.RELEASE-sources.jar
2026-07-27 19:05:47,911 [Worker-16: Download sources and javadoc] INFO  o.e.m.j.internal.DownloadSourcesJob - Downloaded sources for org.springframework:spring-jcl:5.2.6.RELEASE
2026-07-27 19:05:48,029 [Worker-16: Download sources and javadoc] INFO  o.e.m.c.i.e.AbstractTransferListenerAdapter - Downloading https://maven.aliyun.com/repository/public/org/springframework/spring-test/5.2.6.RELEASE/spring-test-5.2.6.RELEASE-sources.jar
2026-07-27 19:05:48,415 [Worker-16: Download sources and javadoc] INFO  o.e.m.c.i.e.AbstractTransferListenerAdapter - Downloaded https://maven.aliyun.com/repository/public/org/springframework/spring-test/5.2.6.RELEASE/spring-test-5.2.6.RELEASE-sources.jar
2026-07-27 19:05:48,448 [Worker-16: Download sources and javadoc] INFO  o.e.m.j.internal.DownloadSourcesJob - Downloaded sources for org.springframework:spring-test:5.2.6.RELEASE
2026-07-27 19:05:48,544 [Worker-16: Download sources and javadoc] INFO  o.e.m.c.i.e.AbstractTransferListenerAdapter - Downloading https://maven.aliyun.com/repository/public/org/xmlunit/xmlunit-core/2.7.0/xmlunit-core-2.7.0-sources.jar
2026-07-27 19:05:48,594 [Worker-16: Download sources and javadoc] INFO  o.e.m.c.i.e.AbstractTransferListenerAdapter - Downloaded https://maven.aliyun.com/repository/public/org/xmlunit/xmlunit-core/2.7.0/xmlunit-core-2.7.0-sources.jar
2026-07-27 19:05:48,620 [Worker-16: Download sources and javadoc] INFO  o.e.m.j.internal.DownloadSourcesJob - Downloaded sources for org.xmlunit:xmlunit-core:2.7.0
2026-07-27 19:05:48,754 [Worker-16: Download sources and javadoc] INFO  o.e.m.c.i.e.AbstractTransferListenerAdapter - Downloading https://maven.aliyun.com/repository/public/org/projectlombok/lombok/1.18.12/lombok-1.18.12-sources.jar
2026-07-27 19:05:48,899 [Worker-16: Download sources and javadoc] INFO  o.e.m.c.i.e.AbstractTransferListenerAdapter - Downloaded https://maven.aliyun.com/repository/public/org/projectlombok/lombok/1.18.12/lombok-1.18.12-sources.jar
2026-07-27 19:05:48,948 [Worker-16: Download sources and javadoc] INFO  o.e.m.j.internal.DownloadSourcesJob - Downloaded sources for org.projectlombok:lombok:1.18.12
2026-07-27 19:05:49,049 [Worker-16: Download sources and javadoc] INFO  o.e.m.c.i.e.AbstractTransferListenerAdapter - Downloading https://maven.aliyun.com/repository/public/mysql/mysql-connector-java/8.0.20/mysql-connector-java-8.0.20-sources.jar
2026-07-27 19:05:49,490 [Worker-16: Download sources and javadoc] INFO  o.e.m.c.i.e.AbstractTransferListenerAdapter - Downloaded https://maven.aliyun.com/repository/public/mysql/mysql-connector-java/8.0.20/mysql-connector-java-8.0.20-sources.jar
2026-07-27 19:05:49,516 [Worker-16: Download sources and javadoc] INFO  o.e.m.j.internal.DownloadSourcesJob - Downloaded sources for mysql:mysql-connector-java:8.0.20
2026-07-27 19:05:49,609 [Worker-16: Download sources and javadoc] INFO  o.e.m.c.i.e.AbstractTransferListenerAdapter - Downloading https://maven.aliyun.com/repository/public/com/github/pagehelper/pagehelper/5.1.10/pagehelper-5.1.10-sources.jar
2026-07-27 19:05:49,983 [Worker-16: Download sources and javadoc] INFO  o.e.m.c.i.e.AbstractTransferListenerAdapter - Downloaded https://maven.aliyun.com/repository/public/com/github/pagehelper/pagehelper/5.1.10/pagehelper-5.1.10-sources.jar
2026-07-27 19:05:50,011 [Worker-16: Download sources and javadoc] INFO  o.e.m.j.internal.DownloadSourcesJob - Downloaded sources for com.github.pagehelper:pagehelper:5.1.10
2026-07-27 19:05:50,420 [Worker-16: Download sources and javadoc] INFO  o.e.m.c.i.e.AbstractTransferListenerAdapter - Downloading https://maven.aliyun.com/repository/public/com/github/jsqlparser/jsqlparser/2.1/jsqlparser-2.1-sources.jar
2026-07-27 19:05:50,847 [Worker-16: Download sources and javadoc] INFO  o.e.m.c.i.e.AbstractTransferListenerAdapter - Downloaded https://maven.aliyun.com/repository/public/com/github/jsqlparser/jsqlparser/2.1/jsqlparser-2.1-sources.jar
2026-07-27 19:05:50,873 [Worker-16: Download sources and javadoc] INFO  o.e.m.j.internal.DownloadSourcesJob - Downloaded sources for com.github.jsqlparser:jsqlparser:2.1
2026-07-27 19:05:50,953 [Worker-16: Download sources and javadoc] INFO  o.e.m.c.i.e.AbstractTransferListenerAdapter - Downloading https://maven.aliyun.com/repository/public/com/baomidou/mybatis-plus-boot-starter/3.2.0/mybatis-plus-boot-starter-3.2.0-sources.jar
2026-07-27 19:05:51,272 [Worker-16: Download sources and javadoc] INFO  o.e.m.c.i.e.AbstractTransferListenerAdapter - Downloaded https://maven.aliyun.com/repository/public/com/baomidou/mybatis-plus-boot-starter/3.2.0/mybatis-plus-boot-starter-3.2.0-sources.jar
2026-07-27 19:05:51,297 [Worker-16: Download sources and javadoc] INFO  o.e.m.j.internal.DownloadSourcesJob - Downloaded sources for com.baomidou:mybatis-plus-boot-starter:3.2.0
2026-07-27 19:05:51,381 [Worker-16: Download sources and javadoc] INFO  o.e.m.c.i.e.AbstractTransferListenerAdapter - Downloading https://maven.aliyun.com/repository/public/com/baomidou/mybatis-plus/3.2.0/mybatis-plus-3.2.0-sources.jar
2026-07-27 19:05:51,723 [Worker-16: Download sources and javadoc] INFO  o.e.m.c.i.e.AbstractTransferListenerAdapter - Downloaded https://maven.aliyun.com/repository/public/com/baomidou/mybatis-plus/3.2.0/mybatis-plus-3.2.0-sources.jar
2026-07-27 19:05:51,748 [Worker-16: Download sources and javadoc] INFO  o.e.m.j.internal.DownloadSourcesJob - Downloaded sources for com.baomidou:mybatis-plus:3.2.0
2026-07-27 19:05:51,833 [Worker-16: Download sources and javadoc] INFO  o.e.m.c.i.e.AbstractTransferListenerAdapter - Downloading https://maven.aliyun.com/repository/public/com/baomidou/mybatis-plus-extension/3.2.0/mybatis-plus-extension-3.2.0-sources.jar
2026-07-27 19:05:52,167 [Worker-16: Download sources and javadoc] INFO  o.e.m.c.i.e.AbstractTransferListenerAdapter - Downloaded https://maven.aliyun.com/repository/public/com/baomidou/mybatis-plus-extension/3.2.0/mybatis-plus-extension-3.2.0-sources.jar
2026-07-27 19:05:52,195 [Worker-16: Download sources and javadoc] INFO  o.e.m.j.internal.DownloadSourcesJob - Downloaded sources for com.baomidou:mybatis-plus-extension:3.2.0
2026-07-27 19:05:52,588 [Worker-16: Download sources and javadoc] INFO  o.e.m.c.i.e.AbstractTransferListenerAdapter - Downloading https://maven.aliyun.com/repository/public/com/baomidou/mybatis-plus-core/3.2.0/mybatis-plus-core-3.2.0-sources.jar
2026-07-27 19:05:53,050 [Worker-16: Download sources and javadoc] INFO  o.e.m.c.i.e.AbstractTransferListenerAdapter - Downloaded https://maven.aliyun.com/repository/public/com/baomidou/mybatis-plus-core/3.2.0/mybatis-plus-core-3.2.0-sources.jar
2026-07-27 19:05:53,078 [Worker-16: Download sources and javadoc] INFO  o.e.m.j.internal.DownloadSourcesJob - Downloaded sources for com.baomidou:mybatis-plus-core:3.2.0
2026-07-27 19:05:53,180 [Worker-16: Download sources and javadoc] INFO  o.e.m.c.i.e.AbstractTransferListenerAdapter - Downloading https://maven.aliyun.com/repository/public/com/baomidou/mybatis-plus-annotation/3.2.0/mybatis-plus-annotation-3.2.0-sources.jar
2026-07-27 19:05:53,539 [Worker-16: Download sources and javadoc] INFO  o.e.m.c.i.e.AbstractTransferListenerAdapter - Downloaded https://maven.aliyun.com/repository/public/com/baomidou/mybatis-plus-annotation/3.2.0/mybatis-plus-annotation-3.2.0-sources.jar
2026-07-27 19:05:53,570 [Worker-16: Download sources and javadoc] INFO  o.e.m.j.internal.DownloadSourcesJob - Downloaded sources for com.baomidou:mybatis-plus-annotation:3.2.0
2026-07-27 19:05:53,681 [Worker-16: Download sources and javadoc] INFO  o.e.m.c.i.e.AbstractTransferListenerAdapter - Downloading https://maven.aliyun.com/repository/public/org/mybatis/mybatis/3.5.2/mybatis-3.5.2-sources.jar
2026-07-27 19:05:54,072 [Worker-16: Download sources and javadoc] INFO  o.e.m.c.i.e.AbstractTransferListenerAdapter - Downloaded https://maven.aliyun.com/repository/public/org/mybatis/mybatis/3.5.2/mybatis-3.5.2-sources.jar
2026-07-27 19:05:54,113 [Worker-16: Download sources and javadoc] INFO  o.e.m.j.internal.DownloadSourcesJob - Downloaded sources for org.mybatis:mybatis:3.5.2
2026-07-27 19:05:54,223 [Worker-16: Download sources and javadoc] INFO  o.e.m.c.i.e.AbstractTransferListenerAdapter - Downloading https://maven.aliyun.com/repository/public/org/mybatis/mybatis-spring/2.0.2/mybatis-spring-2.0.2-sources.jar
2026-07-27 19:05:54,527 [Worker-16: Download sources and javadoc] INFO  o.e.m.c.i.e.AbstractTransferListenerAdapter - Downloaded https://maven.aliyun.com/repository/public/org/mybatis/mybatis-spring/2.0.2/mybatis-spring-2.0.2-sources.jar
2026-07-27 19:05:54,554 [Worker-16: Download sources and javadoc] INFO  o.e.m.j.internal.DownloadSourcesJob - Downloaded sources for org.mybatis:mybatis-spring:2.0.2
2026-07-27 19:05:54,668 [Worker-16: Download sources and javadoc] INFO  o.e.m.c.i.e.AbstractTransferListenerAdapter - Downloading https://maven.aliyun.com/repository/public/org/springframework/boot/spring-boot-autoconfigure/2.3.0.RELEASE/spring-boot-autoconfigure-2.3.0.RELEASE-sources.jar
2026-07-27 19:05:55,104 [Worker-16: Download sources and javadoc] INFO  o.e.m.c.i.e.AbstractTransferListenerAdapter - Downloaded https://maven.aliyun.com/repository/public/org/springframework/boot/spring-boot-autoconfigure/2.3.0.RELEASE/spring-boot-autoconfigure-2.3.0.RELEASE-sources.jar
2026-07-27 19:05:55,130 [Worker-16: Download sources and javadoc] INFO  o.e.m.j.internal.DownloadSourcesJob - Downloaded sources for org.springframework.boot:spring-boot-autoconfigure:2.3.0.RELEASE
2026-07-27 19:05:55,519 [Worker-16: Download sources and javadoc] INFO  o.e.m.c.i.e.AbstractTransferListenerAdapter - Downloading https://maven.aliyun.com/repository/public/org/springframework/boot/spring-boot-starter-jdbc/2.3.0.RELEASE/spring-boot-starter-jdbc-2.3.0.RELEASE-sources.jar
2026-07-27 19:05:55,858 [Worker-16: Download sources and javadoc] INFO  o.e.m.c.i.e.AbstractTransferListenerAdapter - Downloaded https://maven.aliyun.com/repository/public/org/springframework/boot/spring-boot-starter-jdbc/2.3.0.RELEASE/spring-boot-starter-jdbc-2.3.0.RELEASE-sources.jar
2026-07-27 19:05:55,885 [Worker-16: Download sources and javadoc] INFO  o.e.m.j.internal.DownloadSourcesJob - Downloaded sources for org.springframework.boot:spring-boot-starter-jdbc:2.3.0.RELEASE
2026-07-27 19:05:55,979 [Worker-16: Download sources and javadoc] INFO  o.e.m.c.i.e.AbstractTransferListenerAdapter - Downloading https://maven.aliyun.com/repository/public/com/zaxxer/HikariCP/3.4.5/HikariCP-3.4.5-sources.jar
2026-07-27 19:05:56,039 [Worker-16: Download sources and javadoc] INFO  o.e.m.c.i.e.AbstractTransferListenerAdapter - Downloaded https://maven.aliyun.com/repository/public/com/zaxxer/HikariCP/3.4.5/HikariCP-3.4.5-sources.jar
2026-07-27 19:05:56,066 [Worker-16: Download sources and javadoc] INFO  o.e.m.j.internal.DownloadSourcesJob - Downloaded sources for com.zaxxer:HikariCP:3.4.5
2026-07-27 19:05:56,125 [Worker-16: Download sources and javadoc] INFO  o.e.m.c.i.e.AbstractTransferListenerAdapter - Downloading https://maven.aliyun.com/repository/public/org/springframework/spring-jdbc/5.2.6.RELEASE/spring-jdbc-5.2.6.RELEASE-sources.jar
2026-07-27 19:05:56,539 [Worker-16: Download sources and javadoc] INFO  o.e.m.c.i.e.AbstractTransferListenerAdapter - Downloaded https://maven.aliyun.com/repository/public/org/springframework/spring-jdbc/5.2.6.RELEASE/spring-jdbc-5.2.6.RELEASE-sources.jar
2026-07-27 19:05:56,563 [Worker-16: Download sources and javadoc] INFO  o.e.m.j.internal.DownloadSourcesJob - Downloaded sources for org.springframework:spring-jdbc:5.2.6.RELEASE
2026-07-27 19:05:56,650 [Worker-16: Download sources and javadoc] INFO  o.e.m.c.i.e.AbstractTransferListenerAdapter - Downloading https://maven.aliyun.com/repository/public/io/springfox/springfox-swagger2/2.7.0/springfox-swagger2-2.7.0-sources.jar
2026-07-27 19:05:56,964 [Worker-16: Download sources and javadoc] INFO  o.e.m.c.i.e.AbstractTransferListenerAdapter - Downloaded https://maven.aliyun.com/repository/public/io/springfox/springfox-swagger2/2.7.0/springfox-swagger2-2.7.0-sources.jar
2026-07-27 19:05:56,992 [Worker-16: Download sources and javadoc] INFO  o.e.m.j.internal.DownloadSourcesJob - Downloaded sources for io.springfox:springfox-swagger2:2.7.0
2026-07-27 19:05:57,149 [Worker-16: Download sources and javadoc] INFO  o.e.m.c.i.e.AbstractTransferListenerAdapter - Downloading https://maven.aliyun.com/repository/public/io/swagger/swagger-annotations/1.5.13/swagger-annotations-1.5.13-sources.jar
2026-07-27 19:05:57,485 [Worker-16: Download sources and javadoc] INFO  o.e.m.c.i.e.AbstractTransferListenerAdapter - Downloaded https://maven.aliyun.com/repository/public/io/swagger/swagger-annotations/1.5.13/swagger-annotations-1.5.13-sources.jar
2026-07-27 19:05:57,512 [Worker-16: Download sources and javadoc] INFO  o.e.m.j.internal.DownloadSourcesJob - Downloaded sources for io.swagger:swagger-annotations:1.5.13
2026-07-27 19:05:57,606 [Worker-16: Download sources and javadoc] INFO  o.e.m.c.i.e.AbstractTransferListenerAdapter - Downloading https://maven.aliyun.com/repository/public/io/swagger/swagger-models/1.5.13/swagger-models-1.5.13-sources.jar
2026-07-27 19:05:57,975 [Worker-16: Download sources and javadoc] INFO  o.e.m.c.i.e.AbstractTransferListenerAdapter - Downloaded https://maven.aliyun.com/repository/public/io/swagger/swagger-models/1.5.13/swagger-models-1.5.13-sources.jar
2026-07-27 19:05:58,005 [Worker-16: Download sources and javadoc] INFO  o.e.m.j.internal.DownloadSourcesJob - Downloaded sources for io.swagger:swagger-models:1.5.13
2026-07-27 19:05:58,096 [Worker-16: Download sources and javadoc] INFO  o.e.m.c.i.e.AbstractTransferListenerAdapter - Downloading https://maven.aliyun.com/repository/public/com/fasterxml/jackson/core/jackson-annotations/2.11.0/jackson-annotations-2.11.0-sources.jar
2026-07-27 19:05:58,347 [Worker-16: Download sources and javadoc] INFO  o.e.m.c.i.e.AbstractTransferListenerAdapter - Downloaded https://maven.aliyun.com/repository/public/com/fasterxml/jackson/core/jackson-annotations/2.11.0/jackson-annotations-2.11.0-sources.jar
2026-07-27 19:05:58,393 [Worker-16: Download sources and javadoc] INFO  o.e.m.j.internal.DownloadSourcesJob - Downloaded sources for com.fasterxml.jackson.core:jackson-annotations:2.11.0
2026-07-27 19:05:58,805 [Worker-16: Download sources and javadoc] INFO  o.e.m.c.i.e.AbstractTransferListenerAdapter - Downloading https://maven.aliyun.com/repository/public/io/springfox/springfox-spi/2.7.0/springfox-spi-2.7.0-sources.jar
2026-07-27 19:05:59,142 [Worker-16: Download sources and javadoc] INFO  o.e.m.c.i.e.AbstractTransferListenerAdapter - Downloaded https://maven.aliyun.com/repository/public/io/springfox/springfox-spi/2.7.0/springfox-spi-2.7.0-sources.jar
2026-07-27 19:05:59,174 [Worker-16: Download sources and javadoc] INFO  o.e.m.j.internal.DownloadSourcesJob - Downloaded sources for io.springfox:springfox-spi:2.7.0
2026-07-27 19:05:59,294 [Worker-16: Download sources and javadoc] INFO  o.e.m.c.i.e.AbstractTransferListenerAdapter - Downloading https://maven.aliyun.com/repository/public/io/springfox/springfox-core/2.7.0/springfox-core-2.7.0-sources.jar
2026-07-27 19:05:59,572 [Worker-16: Download sources and javadoc] INFO  o.e.m.c.i.e.AbstractTransferListenerAdapter - Downloaded https://maven.aliyun.com/repository/public/io/springfox/springfox-core/2.7.0/springfox-core-2.7.0-sources.jar
2026-07-27 19:05:59,602 [Worker-16: Download sources and javadoc] INFO  o.e.m.j.internal.DownloadSourcesJob - Downloaded sources for io.springfox:springfox-core:2.7.0
2026-07-27 19:05:59,683 [Worker-16: Download sources and javadoc] INFO  o.e.m.c.i.e.AbstractTransferListenerAdapter - Downloading https://maven.aliyun.com/repository/public/io/springfox/springfox-schema/2.7.0/springfox-schema-2.7.0-sources.jar
2026-07-27 19:06:00,025 [Worker-16: Download sources and javadoc] INFO  o.e.m.c.i.e.AbstractTransferListenerAdapter - Downloaded https://maven.aliyun.com/repository/public/io/springfox/springfox-schema/2.7.0/springfox-schema-2.7.0-sources.jar
2026-07-27 19:06:00,049 [Worker-16: Download sources and javadoc] INFO  o.e.m.j.internal.DownloadSourcesJob - Downloaded sources for io.springfox:springfox-schema:2.7.0
2026-07-27 19:06:00,136 [Worker-16: Download sources and javadoc] INFO  o.e.m.c.i.e.AbstractTransferListenerAdapter - Downloading https://maven.aliyun.com/repository/public/io/springfox/springfox-swagger-common/2.7.0/springfox-swagger-common-2.7.0-sources.jar
2026-07-27 19:06:00,486 [Worker-16: Download sources and javadoc] INFO  o.e.m.c.i.e.AbstractTransferListenerAdapter - Downloaded https://maven.aliyun.com/repository/public/io/springfox/springfox-swagger-common/2.7.0/springfox-swagger-common-2.7.0-sources.jar
2026-07-27 19:06:00,511 [Worker-16: Download sources and javadoc] INFO  o.e.m.j.internal.DownloadSourcesJob - Downloaded sources for io.springfox:springfox-swagger-common:2.7.0
2026-07-27 19:06:00,598 [Worker-16: Download sources and javadoc] INFO  o.e.m.c.i.e.AbstractTransferListenerAdapter - Downloading https://maven.aliyun.com/repository/public/io/springfox/springfox-spring-web/2.7.0/springfox-spring-web-2.7.0-sources.jar
2026-07-27 19:06:01,014 [Worker-16: Download sources and javadoc] INFO  o.e.m.c.i.e.AbstractTransferListenerAdapter - Downloaded https://maven.aliyun.com/repository/public/io/springfox/springfox-spring-web/2.7.0/springfox-spring-web-2.7.0-sources.jar
2026-07-27 19:06:01,040 [Worker-16: Download sources and javadoc] INFO  o.e.m.j.internal.DownloadSourcesJob - Downloaded sources for io.springfox:springfox-spring-web:2.7.0
2026-07-27 19:06:01,444 [Worker-16: Download sources and javadoc] INFO  o.e.m.c.i.e.AbstractTransferListenerAdapter - Downloading https://maven.aliyun.com/repository/public/org/reflections/reflections/0.9.11/reflections-0.9.11-sources.jar
2026-07-27 19:06:01,763 [Worker-16: Download sources and javadoc] INFO  o.e.m.c.i.e.AbstractTransferListenerAdapter - Downloaded https://maven.aliyun.com/repository/public/org/reflections/reflections/0.9.11/reflections-0.9.11-sources.jar
2026-07-27 19:06:01,790 [Worker-16: Download sources and javadoc] INFO  o.e.m.j.internal.DownloadSourcesJob - Downloaded sources for org.reflections:reflections:0.9.11
2026-07-27 19:06:01,919 [Worker-16: Download sources and javadoc] INFO  o.e.m.c.i.e.AbstractTransferListenerAdapter - Downloading https://maven.aliyun.com/repository/public/org/javassist/javassist/3.21.0-GA/javassist-3.21.0-GA-sources.jar
2026-07-27 19:06:02,261 [Worker-16: Download sources and javadoc] INFO  o.e.m.c.i.e.AbstractTransferListenerAdapter - Downloaded https://maven.aliyun.com/repository/public/org/javassist/javassist/3.21.0-GA/javassist-3.21.0-GA-sources.jar
2026-07-27 19:06:02,288 [Worker-16: Download sources and javadoc] INFO  o.e.m.j.internal.DownloadSourcesJob - Downloaded sources for org.javassist:javassist:3.21.0-GA
2026-07-27 19:06:02,403 [Worker-16: Download sources and javadoc] INFO  o.e.m.c.i.e.AbstractTransferListenerAdapter - Downloading https://maven.aliyun.com/repository/public/com/google/guava/guava/18.0/guava-18.0-sources.jar
2026-07-27 19:06:02,605 [Worker-16: Download sources and javadoc] INFO  o.e.m.c.i.e.AbstractTransferListenerAdapter - Downloaded https://maven.aliyun.com/repository/public/com/google/guava/guava/18.0/guava-18.0-sources.jar
2026-07-27 19:06:02,631 [Worker-16: Download sources and javadoc] INFO  o.e.m.j.internal.DownloadSourcesJob - Downloaded sources for com.google.guava:guava:18.0
2026-07-27 19:06:02,706 [Worker-16: Download sources and javadoc] INFO  o.e.m.c.i.e.AbstractTransferListenerAdapter - Downloading https://maven.aliyun.com/repository/public/com/fasterxml/classmate/1.5.1/classmate-1.5.1-sources.jar
2026-07-27 19:06:03,016 [Worker-16: Download sources and javadoc] INFO  o.e.m.c.i.e.AbstractTransferListenerAdapter - Downloaded https://maven.aliyun.com/repository/public/com/fasterxml/classmate/1.5.1/classmate-1.5.1-sources.jar
2026-07-27 19:06:03,060 [Worker-16: Download sources and javadoc] INFO  o.e.m.j.internal.DownloadSourcesJob - Downloaded sources for com.fasterxml:classmate:1.5.1
2026-07-27 19:06:03,133 [Worker-16: Download sources and javadoc] INFO  o.e.m.c.i.e.AbstractTransferListenerAdapter - Downloading https://maven.aliyun.com/repository/public/org/slf4j/slf4j-api/1.7.30/slf4j-api-1.7.30-sources.jar
2026-07-27 19:06:03,192 [Worker-16: Download sources and javadoc] INFO  o.e.m.c.i.e.AbstractTransferListenerAdapter - Downloaded https://maven.aliyun.com/repository/public/org/slf4j/slf4j-api/1.7.30/slf4j-api-1.7.30-sources.jar
2026-07-27 19:06:03,219 [Worker-16: Download sources and javadoc] INFO  o.e.m.j.internal.DownloadSourcesJob - Downloaded sources for org.slf4j:slf4j-api:1.7.30
2026-07-27 19:06:03,313 [Worker-16: Download sources and javadoc] INFO  o.e.m.c.i.e.AbstractTransferListenerAdapter - Downloading https://maven.aliyun.com/repository/public/org/springframework/plugin/spring-plugin-core/1.2.0.RELEASE/spring-plugin-core-1.2.0.RELEASE-sources.jar
2026-07-27 19:06:03,597 [Worker-16: Download sources and javadoc] INFO  o.e.m.c.i.e.AbstractTransferListenerAdapter - Downloaded https://maven.aliyun.com/repository/public/org/springframework/plugin/spring-plugin-core/1.2.0.RELEASE/spring-plugin-core-1.2.0.RELEASE-sources.jar
2026-07-27 19:06:03,620 [Worker-16: Download sources and javadoc] INFO  o.e.m.j.internal.DownloadSourcesJob - Downloaded sources for org.springframework.plugin:spring-plugin-core:1.2.0.RELEASE
2026-07-27 19:06:03,705 [Worker-16: Download sources and javadoc] INFO  o.e.m.c.i.e.AbstractTransferListenerAdapter - Downloading https://maven.aliyun.com/repository/public/org/springframework/plugin/spring-plugin-metadata/1.2.0.RELEASE/spring-plugin-metadata-1.2.0.RELEASE-sources.jar
2026-07-27 19:06:04,007 [Worker-16: Download sources and javadoc] INFO  o.e.m.c.i.e.AbstractTransferListenerAdapter - Downloaded https://maven.aliyun.com/repository/public/org/springframework/plugin/spring-plugin-metadata/1.2.0.RELEASE/spring-plugin-metadata-1.2.0.RELEASE-sources.jar
2026-07-27 19:06:04,032 [Worker-16: Download sources and javadoc] INFO  o.e.m.j.internal.DownloadSourcesJob - Downloaded sources for org.springframework.plugin:spring-plugin-metadata:1.2.0.RELEASE
2026-07-27 19:06:04,091 [Worker-16: Download sources and javadoc] INFO  o.e.m.c.i.e.AbstractTransferListenerAdapter - Downloading https://maven.aliyun.com/repository/public/org/mapstruct/mapstruct/1.1.0.Final/mapstruct-1.1.0.Final-sources.jar
2026-07-27 19:06:04,363 [Worker-16: Download sources and javadoc] INFO  o.e.m.c.i.e.AbstractTransferListenerAdapter - Downloaded https://maven.aliyun.com/repository/public/org/mapstruct/mapstruct/1.1.0.Final/mapstruct-1.1.0.Final-sources.jar
2026-07-27 19:06:04,392 [Worker-16: Download sources and javadoc] INFO  o.e.m.j.internal.DownloadSourcesJob - Downloaded sources for org.mapstruct:mapstruct:1.1.0.Final
2026-07-27 19:06:04,486 [Worker-16: Download sources and javadoc] INFO  o.e.m.c.i.e.AbstractTransferListenerAdapter - Downloading https://maven.aliyun.com/repository/public/org/apache/commons/commons-lang3/3.5/commons-lang3-3.5-sources.jar
2026-07-27 19:06:04,876 [Worker-16: Download sources and javadoc] INFO  o.e.m.c.i.e.AbstractTransferListenerAdapter - Downloaded https://maven.aliyun.com/repository/public/org/apache/commons/commons-lang3/3.5/commons-lang3-3.5-sources.jar
2026-07-27 19:06:04,903 [Worker-16: Download sources and javadoc] INFO  o.e.m.j.internal.DownloadSourcesJob - Downloaded sources for org.apache.commons:commons-lang3:3.5
2026-07-27 19:06:05,347 [Worker-16: Download sources and javadoc] INFO  o.e.m.c.i.e.AbstractTransferListenerAdapter - Downloading https://maven.aliyun.com/repository/public/org/springframework/boot/spring-boot-starter-security/2.3.0.RELEASE/spring-boot-starter-security-2.3.0.RELEASE-sources.jar
2026-07-27 19:06:05,630 [Worker-16: Download sources and javadoc] INFO  o.e.m.c.i.e.AbstractTransferListenerAdapter - Downloaded https://maven.aliyun.com/repository/public/org/springframework/boot/spring-boot-starter-security/2.3.0.RELEASE/spring-boot-starter-security-2.3.0.RELEASE-sources.jar
2026-07-27 19:06:05,656 [Worker-16: Download sources and javadoc] INFO  o.e.m.j.internal.DownloadSourcesJob - Downloaded sources for org.springframework.boot:spring-boot-starter-security:2.3.0.RELEASE
2026-07-27 19:06:05,738 [Worker-16: Download sources and javadoc] INFO  o.e.m.c.i.e.AbstractTransferListenerAdapter - Downloading https://maven.aliyun.com/repository/public/org/springframework/spring-aop/5.2.6.RELEASE/spring-aop-5.2.6.RELEASE-sources.jar
2026-07-27 19:06:06,099 [Worker-16: Download sources and javadoc] INFO  o.e.m.c.i.e.AbstractTransferListenerAdapter - Downloaded https://maven.aliyun.com/repository/public/org/springframework/spring-aop/5.2.6.RELEASE/spring-aop-5.2.6.RELEASE-sources.jar
2026-07-27 19:06:06,125 [Worker-16: Download sources and javadoc] INFO  o.e.m.j.internal.DownloadSourcesJob - Downloaded sources for org.springframework:spring-aop:5.2.6.RELEASE
2026-07-27 19:06:06,562 [Worker-16: Download sources and javadoc] INFO  o.e.m.c.i.e.AbstractTransferListenerAdapter - Downloading https://maven.aliyun.com/repository/public/org/springframework/security/spring-security-config/5.3.2.RELEASE/spring-security-config-5.3.2.RELEASE-sources.jar
2026-07-27 19:06:07,029 [Worker-16: Download sources and javadoc] INFO  o.e.m.c.i.e.AbstractTransferListenerAdapter - Downloaded https://maven.aliyun.com/repository/public/org/springframework/security/spring-security-config/5.3.2.RELEASE/spring-security-config-5.3.2.RELEASE-sources.jar
2026-07-27 19:06:07,058 [Worker-16: Download sources and javadoc] INFO  o.e.m.j.internal.DownloadSourcesJob - Downloaded sources for org.springframework.security:spring-security-config:5.3.2.RELEASE
2026-07-27 19:06:07,562 [Worker-16: Download sources and javadoc] INFO  o.e.m.c.i.e.AbstractTransferListenerAdapter - Downloading https://maven.aliyun.com/repository/public/org/springframework/security/spring-security-web/5.3.2.RELEASE/spring-security-web-5.3.2.RELEASE-sources.jar
2026-07-27 19:06:08,080 [Worker-16: Download sources and javadoc] INFO  o.e.m.c.i.e.AbstractTransferListenerAdapter - Downloaded https://maven.aliyun.com/repository/public/org/springframework/security/spring-security-web/5.3.2.RELEASE/spring-security-web-5.3.2.RELEASE-sources.jar
2026-07-27 19:06:08,122 [Worker-16: Download sources and javadoc] INFO  o.e.m.j.internal.DownloadSourcesJob - Downloaded sources for org.springframework.security:spring-security-web:5.3.2.RELEASE
2026-07-27 19:06:08,234 [Worker-16: Download sources and javadoc] INFO  o.e.m.c.i.e.AbstractTransferListenerAdapter - Downloading https://maven.aliyun.com/repository/public/com/github/penggle/kaptcha/2.3.2/kaptcha-2.3.2-sources.jar
2026-07-27 19:06:08,566 [Worker-16: Download sources and javadoc] INFO  o.e.m.c.i.e.AbstractTransferListenerAdapter - Downloaded https://maven.aliyun.com/repository/public/com/github/penggle/kaptcha/2.3.2/kaptcha-2.3.2-sources.jar
2026-07-27 19:06:08,594 [Worker-16: Download sources and javadoc] INFO  o.e.m.j.internal.DownloadSourcesJob - Downloaded sources for com.github.penggle:kaptcha:2.3.2
2026-07-27 19:06:08,657 [Worker-16: Download sources and javadoc] INFO  o.e.m.c.i.e.AbstractTransferListenerAdapter - Downloading https://maven.aliyun.com/repository/public/javax/servlet/javax.servlet-api/4.0.1/javax.servlet-api-4.0.1-sources.jar
2026-07-27 19:06:08,725 [Worker-16: Download sources and javadoc] INFO  o.e.m.c.i.e.AbstractTransferListenerAdapter - Downloaded https://maven.aliyun.com/repository/public/javax/servlet/javax.servlet-api/4.0.1/javax.servlet-api-4.0.1-sources.jar
2026-07-27 19:06:08,752 [Worker-16: Download sources and javadoc] INFO  o.e.m.j.internal.DownloadSourcesJob - Downloaded sources for javax.servlet:javax.servlet-api:4.0.1
2026-07-27 19:06:08,826 [Worker-16: Download sources and javadoc] INFO  o.e.m.c.i.e.AbstractTransferListenerAdapter - Downloading https://maven.aliyun.com/repository/public/com/jhlabs/filters/2.0.235-1/filters-2.0.235-1-sources.jar
2026-07-27 19:06:09,173 [Worker-16: Download sources and javadoc] INFO  o.e.m.c.i.e.AbstractTransferListenerAdapter - Downloaded https://maven.aliyun.com/repository/public/com/jhlabs/filters/2.0.235-1/filters-2.0.235-1-sources.jar
2026-07-27 19:06:09,197 [Worker-16: Download sources and javadoc] INFO  o.e.m.j.internal.DownloadSourcesJob - Downloaded sources for com.jhlabs:filters:2.0.235-1
2026-07-27 19:06:09,644 [Worker-16: Download sources and javadoc] INFO  o.e.m.c.i.e.AbstractTransferListenerAdapter - Downloading https://maven.aliyun.com/repository/public/org/springframework/security/spring-security-taglibs/5.3.2.RELEASE/spring-security-taglibs-5.3.2.RELEASE-sources.jar
2026-07-27 19:06:10,028 [Worker-16: Download sources and javadoc] INFO  o.e.m.c.i.e.AbstractTransferListenerAdapter - Downloaded https://maven.aliyun.com/repository/public/org/springframework/security/spring-security-taglibs/5.3.2.RELEASE/spring-security-taglibs-5.3.2.RELEASE-sources.jar
2026-07-27 19:06:10,059 [Worker-16: Download sources and javadoc] INFO  o.e.m.j.internal.DownloadSourcesJob - Downloaded sources for org.springframework.security:spring-security-taglibs:5.3.2.RELEASE
2026-07-27 19:06:10,534 [Worker-16: Download sources and javadoc] INFO  o.e.m.c.i.e.AbstractTransferListenerAdapter - Downloading https://maven.aliyun.com/repository/public/org/springframework/security/spring-security-acl/5.3.2.RELEASE/spring-security-acl-5.3.2.RELEASE-sources.jar
2026-07-27 19:06:10,955 [Worker-16: Download sources and javadoc] INFO  o.e.m.c.i.e.AbstractTransferListenerAdapter - Downloaded https://maven.aliyun.com/repository/public/org/springframework/security/spring-security-acl/5.3.2.RELEASE/spring-security-acl-5.3.2.RELEASE-sources.jar
2026-07-27 19:06:10,980 [Worker-16: Download sources and javadoc] INFO  o.e.m.j.internal.DownloadSourcesJob - Downloaded sources for org.springframework.security:spring-security-acl:5.3.2.RELEASE
2026-07-27 19:06:11,074 [Worker-16: Download sources and javadoc] INFO  o.e.m.c.i.e.AbstractTransferListenerAdapter - Downloading https://maven.aliyun.com/repository/public/org/springframework/spring-tx/5.2.6.RELEASE/spring-tx-5.2.6.RELEASE-sources.jar
2026-07-27 19:06:11,417 [Worker-16: Download sources and javadoc] INFO  o.e.m.c.i.e.AbstractTransferListenerAdapter - Downloaded https://maven.aliyun.com/repository/public/org/springframework/spring-tx/5.2.6.RELEASE/spring-tx-5.2.6.RELEASE-sources.jar
2026-07-27 19:06:11,441 [Worker-16: Download sources and javadoc] INFO  o.e.m.j.internal.DownloadSourcesJob - Downloaded sources for org.springframework:spring-tx:5.2.6.RELEASE
2026-07-27 19:06:11,862 [Worker-16: Download sources and javadoc] INFO  o.e.m.c.i.e.AbstractTransferListenerAdapter - Downloading https://maven.aliyun.com/repository/public/org/springframework/security/spring-security-core/5.3.2.RELEASE/spring-security-core-5.3.2.RELEASE-sources.jar
2026-07-27 19:06:12,197 [Worker-16: Download sources and javadoc] INFO  o.e.m.c.i.e.AbstractTransferListenerAdapter - Downloaded https://maven.aliyun.com/repository/public/org/springframework/security/spring-security-core/5.3.2.RELEASE/spring-security-core-5.3.2.RELEASE-sources.jar
2026-07-27 19:06:12,224 [Worker-16: Download sources and javadoc] INFO  o.e.m.j.internal.DownloadSourcesJob - Downloaded sources for org.springframework.security:spring-security-core:5.3.2.RELEASE
2026-07-27 19:06:12,314 [Worker-16: Download sources and javadoc] INFO  o.e.m.c.i.e.AbstractTransferListenerAdapter - Downloading https://maven.aliyun.com/repository/public/org/springframework/spring-beans/5.2.6.RELEASE/spring-beans-5.2.6.RELEASE-sources.jar
2026-07-27 19:06:12,730 [Worker-16: Download sources and javadoc] INFO  o.e.m.c.i.e.AbstractTransferListenerAdapter - Downloaded https://maven.aliyun.com/repository/public/org/springframework/spring-beans/5.2.6.RELEASE/spring-beans-5.2.6.RELEASE-sources.jar
2026-07-27 19:06:12,759 [Worker-16: Download sources and javadoc] INFO  o.e.m.j.internal.DownloadSourcesJob - Downloaded sources for org.springframework:spring-beans:5.2.6.RELEASE
2026-07-27 19:06:12,848 [Worker-16: Download sources and javadoc] INFO  o.e.m.c.i.e.AbstractTransferListenerAdapter - Downloading https://maven.aliyun.com/repository/public/org/springframework/spring-context/5.2.6.RELEASE/spring-context-5.2.6.RELEASE-sources.jar
2026-07-27 19:06:13,293 [Worker-16: Download sources and javadoc] INFO  o.e.m.c.i.e.AbstractTransferListenerAdapter - Downloaded https://maven.aliyun.com/repository/public/org/springframework/spring-context/5.2.6.RELEASE/spring-context-5.2.6.RELEASE-sources.jar
2026-07-27 19:06:13,335 [Worker-16: Download sources and javadoc] INFO  o.e.m.j.internal.DownloadSourcesJob - Downloaded sources for org.springframework:spring-context:5.2.6.RELEASE
2026-07-27 19:06:13,426 [Worker-16: Download sources and javadoc] INFO  o.e.m.c.i.e.AbstractTransferListenerAdapter - Downloading https://maven.aliyun.com/repository/public/org/springframework/spring-expression/5.2.6.RELEASE/spring-expression-5.2.6.RELEASE-sources.jar
2026-07-27 19:06:13,802 [Worker-16: Download sources and javadoc] INFO  o.e.m.c.i.e.AbstractTransferListenerAdapter - Downloaded https://maven.aliyun.com/repository/public/org/springframework/spring-expression/5.2.6.RELEASE/spring-expression-5.2.6.RELEASE-sources.jar
2026-07-27 19:06:13,828 [Worker-16: Download sources and javadoc] INFO  o.e.m.j.internal.DownloadSourcesJob - Downloaded sources for org.springframework:spring-expression:5.2.6.RELEASE
2026-07-27 19:06:14,195 [Worker-16: Download sources and javadoc] INFO  o.e.m.c.i.e.AbstractTransferListenerAdapter - Downloading https://maven.aliyun.com/repository/public/javax/servlet/jsp/jsp-api/2.2.1-b03/jsp-api-2.2.1-b03-sources.jar
2026-07-27 19:06:14,571 [Worker-16: Download sources and javadoc] INFO  o.e.m.c.i.e.AbstractTransferListenerAdapter - Downloaded https://maven.aliyun.com/repository/public/javax/servlet/jsp/jsp-api/2.2.1-b03/jsp-api-2.2.1-b03-sources.jar
2026-07-27 19:06:14,598 [Worker-16: Download sources and javadoc] INFO  o.e.m.j.internal.DownloadSourcesJob - Downloaded sources for javax.servlet.jsp:jsp-api:2.2.1-b03
2026-07-27 19:06:15,445 [Worker-19: Building workspace] INFO  o.e.m.c.i.embedder.EclipseLogger - Using 'UTF-8' encoding to copy filtered resources.
2026-07-27 19:06:15,447 [Worker-19: Building workspace] INFO  o.e.m.c.i.embedder.EclipseLogger - Copying 0 resource
2026-07-27 19:06:15,447 [Worker-19: Building workspace] INFO  o.e.m.c.i.embedder.EclipseLogger - Copying 0 resource
2026-07-27 19:06:15,450 [Worker-19: Building workspace] INFO  o.e.m.c.i.embedder.EclipseLogger - Using 'UTF-8' encoding to copy filtered resources.
2026-07-27 19:06:15,450 [Worker-19: Building workspace] INFO  o.e.m.c.i.embedder.EclipseLogger - skip non existing resourceDirectory E:\Seiryo\STS\SpringBoot2_Project\src\test\resources
2026-07-27 19:07:42,694 [Worker-20: Building workspace] INFO  o.e.m.c.i.l.LifecycleMappingFactory - Using org.eclipse.m2e.jdt.JarLifecycleMapping lifecycle mapping for MavenProject: com.edu.seiryo:jxc-admin:0.0.1-SNAPSHOT @ E:\Seiryo\STS\SpringBoot2_Project\pom.xml.
2026-07-27 19:07:44,239 [Worker-20: Building workspace] INFO  o.e.m.c.i.embedder.EclipseLogger - Using 'UTF-8' encoding to copy filtered resources.
2026-07-27 19:07:44,241 [Worker-20: Building workspace] INFO  o.e.m.c.i.embedder.EclipseLogger - Copying 2 resources
2026-07-27 19:07:44,271 [Worker-20: Building workspace] INFO  o.e.m.c.i.embedder.EclipseLogger - Copying 825 resources
2026-07-27 19:07:45,863 [Worker-20: Building workspace] INFO  o.e.m.c.i.embedder.EclipseLogger - Using 'UTF-8' encoding to copy filtered resources.
2026-07-27 19:07:45,863 [Worker-20: Building workspace] INFO  o.e.m.c.i.embedder.EclipseLogger - skip non existing resourceDirectory E:\Seiryo\STS\SpringBoot2_Project\src\test\resources
2026-07-27 19:07:49,214 [Worker-23: Building workspace] INFO  o.e.m.c.i.embedder.EclipseLogger - Using 'UTF-8' encoding to copy filtered resources.
2026-07-27 19:07:49,239 [Worker-23: Building workspace] INFO  o.e.m.c.i.embedder.EclipseLogger - Copying 2 resources
2026-07-27 19:07:49,268 [Worker-23: Building workspace] INFO  o.e.m.c.i.embedder.EclipseLogger - Copying 825 resources
2026-07-27 19:07:50,966 [Worker-23: Building workspace] INFO  o.e.m.c.i.embedder.EclipseLogger - Using 'UTF-8' encoding to copy filtered resources.
2026-07-27 19:07:50,967 [Worker-23: Building workspace] INFO  o.e.m.c.i.embedder.EclipseLogger - skip non existing resourceDirectory E:\Seiryo\STS\SpringBoot2_Project\src\test\resources
2026-07-27 19:11:33,939 [Worker-5: Loading available Gradle versions] INFO  o.e.b.c.i.u.g.PublishedGradleVersions - Gradle version information cache is up-to-date. Trying to read.
